,acousticness,danceability,duration_ms,energy,instrumentalness,key,liveness,loudness,mode,speechiness,tempo,time_signature,valence,mood
0,0.00719,0.654,200307,0.81,0.00251,4,0.165,-6.26,0,0.0288,114.622,4,0.661,happy
1,0.461,0.573,142787,0.683,0.0,5,0.0935,-6.644,1,0.176,169.519,4,0.817,happy
2,0.674,0.901,235840,0.719,0.578,0,0.286,-4.944,0,0.105,128.05,4,0.815,happy
3,0.378,0.935,171696,0.259,0.000463,1,0.0611,-11.088,0,0.0517,112.019,4,0.931,happy
4,0.113,0.924,205210,0.569,6.4e-05,6,0.0288,-5.178,0,0.0608,118.983,4,0.928,happy
5,0.145,0.733,239600,0.71,0.115,5,0.0956,-5.849,0,0.0292,127.975,4,0.965,happy
6,0.146,0.674,216022,0.832,5.06e-06,9,0.138,-7.892,1,0.0308,125.996,4,0.981,happy
7,0.417,0.727,168524,0.648,0.368,2,0.492,-8.834,0,0.0463,107.708,4,0.431,happy
8,0.031,0.806,208570,0.753,0.5,11,0.0545,-6.247,0,0.0534,122.99,4,0.846,happy
9,0.0139,0.469,81734,0.991,0.888,9,0.501,-1.931,1,0.064,134.139,4,0.762,happy
10,0.368,0.807,202927,0.623,0.883,9,0.113,-9.026,0,0.151,123.002,4,0.349,happy
11,0.00548,0.784,118393,0.554,0.254,7,0.0995,-6.417,1,0.03,104.01,4,0.634,happy
12,0.02,0.749,292613,0.491,0.00899,10,0.159,-9.655,1,0.0403,119.528,4,0.536,happy
13,0.886,0.554,169573,0.339,0.00128,1,0.11,-10.088,1,0.0779,80.994,4,0.83,happy
14,0.366,0.796,70098,0.582,0.775,2,0.0613,-13.002,1,0.0761,109.264,4,0.96,happy
15,0.157,0.774,203867,0.698,0.00027,9,0.0684,-7.5,1,0.0481,122.325,4,0.969,happy
16,0.68,0.519,252667,0.744,0.0526,2,0.123,-9.487,1,0.0432,93.555,4,0.408,happy
17,0.291,0.863,249957,0.533,0.00126,5,0.0794,-7.986,0,0.0484,102.025,4,0.738,happy
18,0.234,0.751,190627,0.501,0.112,5,0.0467,-12.151,1,0.0551,167.057,4,0.902,happy
19,0.428,0.813,174179,0.554,0.0106,8,0.054,-6.512,0,0.0371,94.707,4,0.888,happy
20,0.794,0.759,165020,0.72,0.0275,2,0.299,-9.003,1,0.0416,129.018,4,0.888,happy
21,0.291,0.642,191253,0.918,0.199,2,0.166,-6.891,1,0.03,119.995,4,0.937,happy
22,0.292,0.692,254560,0.651,0.00241,9,0.105,-8.267,1,0.0324,97.923,4,0.706,happy
23,0.137,0.808,145455,0.745,0.0,4,0.125,-5.195,0,0.161,82.544,4,0.964,happy
24,0.972,0.852,98914,0.498,0.887,0,0.0708,-11.211,1,0.0614,118.004,4,0.769,happy
25,0.0367,0.694,182040,0.874,0.0963,5,0.955,-5.988,0,0.0413,130.007,4,0.877,happy
26,0.415,0.716,214360,0.454,0.000223,8,0.076,-7.367,1,0.0391,86.002,4,0.464,happy
27,0.015,0.857,237227,0.658,0.266,0,0.105,-9.8,1,0.0388,122.969,4,0.703,happy
28,0.0333,0.766,142933,0.875,0.0253,7,0.203,-7.673,0,0.711,128.046,4,0.479,happy
29,0.594,0.321,224033,0.419,0.978,0,0.0831,-10.093,1,0.0331,156.917,4,0.441,happy
30,0.505,0.692,194455,0.436,0.00436,8,0.108,-9.867,1,0.0514,121.047,4,0.656,happy
31,0.334,0.823,60942,0.793,0.923,3,0.0246,-5.269,1,0.0626,99.955,4,0.937,happy
32,0.0663,0.669,76286,0.762,0.842,5,0.151,-12.308,0,0.0364,139.974,4,0.876,happy
33,0.16,0.821,176940,0.444,0.0191,7,0.301,-5.954,1,0.0796,87.029,4,0.678,happy
34,0.264,0.752,177000,0.65,1.42e-06,4,0.313,-6.194,1,0.0334,141.161,4,0.904,happy
35,0.0172,0.836,188727,0.649,9.17e-06,5,0.114,-6.576,1,0.0441,109.968,4,0.77,happy
36,0.508,0.734,217058,0.448,0.0112,0,0.136,-12.087,1,0.0645,94.985,4,0.727,happy
37,0.389,0.823,162663,0.544,0.165,5,0.108,-10.077,1,0.0358,121.968,4,0.826,happy
38,0.0843,0.802,288293,0.756,0.00765,2,0.0521,-10.791,0,0.0349,131.715,4,0.963,happy
39,0.0518,0.71,146484,0.83,0.00523,0,0.353,-7.208,1,0.03,129.02,4,0.936,happy
40,0.478,0.839,181260,0.585,0.00278,2,0.0435,-7.737,1,0.153,89.821,4,0.89,happy
41,0.601,0.671,181067,0.658,0.234,10,0.055,-9.203,1,0.0336,89.698,4,0.961,happy
42,0.42,0.926,280878,0.549,0.0399,9,0.298,-6.63,0,0.0935,123.044,4,0.666,happy
43,0.0562,0.649,254080,0.821,0.00271,7,0.318,-2.957,1,0.0329,113.489,4,0.698,happy
44,0.129,0.595,146813,0.776,0.000602,11,0.246,-5.772,0,0.0386,92.881,4,0.933,happy
45,0.306,0.779,140116,0.572,0.739,4,0.106,-9.259,1,0.0396,114.994,4,0.967,happy
46,0.028,0.577,204522,0.683,0.00329,1,0.156,-7.699,1,0.0523,115.058,4,0.728,happy
47,0.163,0.632,197213,0.683,0.00013,7,0.847,-6.434,1,0.0385,105.959,4,0.701,happy
48,0.364,0.815,219604,0.819,0.0555,8,0.115,-9.494,0,0.0521,119.986,4,0.864,happy
49,0.426,0.57,473013,0.717,0.69,11,0.429,-12.323,0,0.0465,134.943,4,0.931,happy
50,0.58,0.559,183012,0.655,0.000155,6,0.124,-6.792,1,0.051,160.016,4,0.667,happy
51,0.119,0.4,186107,0.795,0.0,10,0.159,-3.731,0,0.461,190.097,4,0.702,happy
52,0.0135,0.584,172813,0.792,0.0,11,0.0487,-4.147,1,0.0317,89.991,4,0.877,happy
53,0.411,0.663,145082,0.583,0.138,7,0.169,-9.235,1,0.0346,81.507,4,0.58,happy
54,0.28,0.725,151578,0.543,0.475,6,0.113,-9.089,1,0.0387,140.051,4,0.415,happy
55,0.00548,0.784,118393,0.554,0.254,7,0.0995,-6.417,1,0.03,104.01,4,0.634,happy
56,0.0135,0.794,195873,0.766,0.0,9,0.0785,-3.894,0,0.0377,127.006,4,0.55,happy
57,0.0443,0.686,192000,0.682,0.0131,6,0.43,-7.656,0,0.0459,84.985,4,0.854,happy
58,0.0888,0.824,172627,0.764,0.00294,5,0.117,-4.175,0,0.0854,107.998,4,0.881,happy
59,0.231,0.692,190625,0.815,0.0,5,0.0984,-7.347,0,0.182,96.013,4,0.69,happy
60,0.245,0.87,198440,0.699,6.76e-06,5,0.0588,-5.541,0,0.0459,126.967,4,0.727,happy
61,0.554,0.522,175783,0.725,0.0,5,0.799,-5.184,0,0.302,108.364,4,0.81,happy
62,0.0036,0.744,185918,0.789,0.00144,9,0.0947,-4.876,0,0.059,116.985,4,0.866,happy
63,0.00383,0.689,126465,0.858,0.0,4,0.129,-2.868,1,0.161,153.977,4,0.643,happy
64,0.426,0.783,124706,0.62,1.33e-06,0,0.152,-7.987,0,0.0662,101.992,4,0.827,happy
65,0.0322,0.853,201812,0.824,0.0,1,0.0859,-3.287,1,0.103,108.044,4,0.888,happy
66,0.528,0.735,162876,0.812,0.0,2,0.186,-4.417,1,0.151,109.829,4,0.584,happy
67,0.0129,0.602,207120,0.626,9.02e-06,2,0.144,-5.323,0,0.0396,160.118,4,0.619,happy
68,0.131,0.803,200295,0.549,0.0,4,0.361,-7.65,0,0.0547,114.989,4,0.267,happy
69,0.331,0.787,186050,0.735,4.09e-05,0,0.113,-4.808,0,0.0857,97.957,4,0.698,happy
70,0.0272,0.913,234093,0.603,0.000503,8,0.167,-4.892,1,0.226,123.061,4,0.497,happy
71,0.113,0.543,227147,0.644,0.0,1,0.0733,-5.952,1,0.333,97.41,4,0.706,happy
72,0.0136,0.739,231387,0.756,0.0,4,0.37,-4.828,1,0.0394,110.028,4,0.523,happy
73,0.0547,0.772,202480,0.744,0.0,7,0.0852,-5.803,1,0.0398,120.067,4,0.86,happy
74,0.339,0.689,191680,0.584,0.0,1,0.297,-5.768,0,0.119,156.572,4,0.676,happy
75,0.225,0.83,228600,0.585,0.00209,1,0.0576,-5.802,1,0.0366,105.03,4,0.642,happy
76,0.0558,0.627,197443,0.618,0.0,2,0.351,-8.529,1,0.0437,82.03,4,0.848,happy
77,0.748,0.719,124000,0.36,2.18e-06,6,0.0812,-12.034,1,0.398,80.184,4,0.409,happy
78,0.0292,0.748,188293,0.457,0.000294,6,0.444,-7.56,1,0.0465,123.035,4,0.464,happy
79,0.107,0.682,197929,0.934,0.0,4,0.749,-2.527,0,0.152,109.027,4,0.483,happy
80,0.261,0.749,131872,0.729,0.0,6,0.113,-3.19,0,0.0321,111.004,1,0.816,happy
81,0.647,0.69,210000,0.528,0.0,9,0.428,-6.1,1,0.027,112.001,4,0.427,happy
82,0.55,0.827,198001,0.56,3.66e-05,0,0.15,-6.685,1,0.0327,122.056,4,0.873,happy
83,0.355,0.706,132000,0.824,0.000133,0,0.111,-7.959,1,0.0694,94.98,4,0.86,happy
84,0.0613,0.764,165911,0.719,0.0,10,0.0982,-6.939,0,0.0769,106.96,4,0.452,happy
85,0.282,0.783,210220,0.435,0.0,7,0.0833,-7.78,1,0.0588,106.974,4,0.512,happy
86,0.103,0.727,235213,0.974,0.000532,4,0.174,-2.261,0,0.0664,79.526,4,0.965,happy
87,0.227,0.72,207320,0.654,0.0,1,0.101,-5.634,1,0.0647,106.976,4,0.411,happy
88,0.132,0.694,201122,0.712,0.0,7,0.211,-3.923,0,0.046,98.023,4,0.799,happy
89,0.821,0.739,146390,0.522,0.00124,7,0.233,-12.304,0,0.151,138.263,4,0.619,happy
90,0.418,0.461,278480,0.651,1.26e-05,1,0.782,-8.81,0,0.0568,121.07,4,0.383,happy
91,0.0525,0.712,206200,0.862,0.0,5,0.093,-4.612,0,0.0378,95.051,4,0.809,happy
92,0.0141,0.633,197947,0.537,3.72e-05,6,0.103,-10.45,0,0.0544,117.907,4,0.889,happy
93,0.00215,0.661,232120,0.729,0.0013,7,0.0477,-6.561,1,0.0376,103.987,4,0.668,happy
94,0.36,0.487,201882,0.534,0.0,0,0.1,-5.664,0,0.0555,131.798,4,0.173,happy
95,0.25,0.656,131253,0.838,0.00281,5,0.207,-8.407,1,0.041,132.981,4,0.74,happy
96,0.0205,0.742,189960,0.713,0.0,1,0.059,-5.522,0,0.0303,120.032,4,0.879,happy
97,0.323,0.817,129241,0.635,0.0,5,0.0738,-7.246,1,0.163,138.015,4,0.454,happy
98,0.146,0.755,128705,0.562,0.0,10,0.0986,-6.828,0,0.174,96.503,4,0.527,happy
99,0.00182,0.627,182383,0.791,0.0,11,0.3,-4.912,1,0.0346,116.994,4,0.523,happy
100,0.446,0.924,195824,0.668,0.000594,11,0.0678,-6.795,1,0.0469,128.027,4,0.787,happy
101,0.151,0.472,180304,0.471,0.0,10,0.14,-5.692,1,0.0603,105.029,3,0.219,happy
102,0.436,0.483,204280,0.731,0.0,1,0.151,-6.696,1,0.0381,101.654,4,0.484,happy
103,0.352,0.768,163026,0.714,0.0,10,0.15,-5.11,1,0.0401,131.443,4,0.842,happy
104,0.219,0.647,232720,0.822,0.0,5,0.0908,-4.662,0,0.183,160.019,4,0.962,happy
105,0.185,0.673,216773,0.886,0.0,1,0.0826,-4.44,0,0.0431,97.012,4,0.795,happy
106,0.00701,0.578,199080,0.866,0.0,1,0.257,-3.804,1,0.0619,128.038,4,0.619,happy
107,0.0384,0.72,175427,0.791,0.0,1,0.157,-4.689,1,0.124,102.071,4,0.756,happy
108,0.000182,0.655,192790,0.818,0.00399,0,0.104,-4.852,1,0.0319,117.956,5,0.767,happy
109,0.137,0.869,158948,0.555,0.0,5,0.0746,-5.984,1,0.0454,112.003,4,0.738,happy
110,0.34,0.834,134256,0.522,1.59e-06,10,0.0783,-3.574,1,0.0703,145.035,4,0.854,happy
111,0.0646,0.749,274540,0.764,0.000158,8,0.0364,-5.991,1,0.0474,122.982,4,0.96,happy
112,0.469,0.69,242090,0.749,0.0,7,0.3,-5.243,0,0.0404,122.013,4,0.567,happy
113,0.292,0.692,254560,0.651,0.00241,9,0.105,-8.267,1,0.0324,97.923,4,0.706,happy
114,0.174,0.432,161831,0.583,0.0,8,0.0933,-4.682,1,0.0687,181.489,4,0.544,happy
115,0.172,0.731,205933,0.804,0.00028,11,0.0685,-7.621,0,0.0473,107.383,4,0.957,happy
116,0.196,0.64,180133,0.664,0.0,0,0.31,-4.73,1,0.0289,134.002,4,0.879,happy
117,0.755,0.667,189507,0.567,3.86e-06,9,0.0754,-4.114,1,0.0434,87.991,4,0.83,happy
118,0.0591,0.673,194240,0.902,0.000227,2,0.0558,-2.392,1,0.0346,100.012,4,0.536,happy
119,0.0624,0.632,232693,0.856,0.0,10,0.347,-3.463,1,0.0348,119.397,4,0.867,happy
120,0.234,0.751,190627,0.501,0.112,5,0.0467,-12.151,1,0.0551,167.057,4,0.902,happy
121,0.0119,0.597,238733,0.87,0.166,10,0.0678,-11.97,1,0.0371,109.901,4,0.944,happy
122,0.061,0.74,135581,0.688,0.0,5,0.138,-4.361,0,0.0916,115.035,4,0.935,happy
123,0.0339,0.557,185733,0.54,0.00248,9,0.179,-10.484,1,0.0347,129.177,4,0.394,happy
124,0.00107,0.765,195973,0.837,1.06e-05,1,0.0801,-3.113,0,0.032,122.028,4,0.721,happy
125,0.009,0.726,199987,0.787,0.0,4,0.0596,-2.494,1,0.0737,124.99,4,0.888,happy
126,0.36,0.563,240597,0.366,0.00243,11,0.0955,-6.896,0,0.121,85.352,4,0.768,happy
127,0.375,0.655,184227,0.782,0.0,1,0.317,-4.789,1,0.185,79.427,4,0.832,happy
128,0.00847,0.56,218013,0.936,0.0,3,0.161,-5.835,1,0.0439,112.96,4,0.371,happy
129,0.152,0.85,114234,0.699,0.0,0,0.32,-3.292,1,0.0776,114.481,4,0.915,happy
130,0.461,0.573,142787,0.683,0.0,5,0.0935,-6.644,1,0.176,169.519,4,0.817,happy
131,0.715,0.669,206307,0.711,0.0,1,0.109,-5.576,0,0.0373,117.911,4,0.849,happy
132,0.167,0.739,215360,0.511,1.34e-06,9,0.133,-7.844,1,0.0362,96.038,4,0.542,happy
133,0.00916,0.826,180267,0.49,4.41e-06,9,0.0415,-10.477,1,0.0676,74.128,4,0.627,happy
134,0.604,0.633,240862,0.772,9.84e-06,5,0.209,-5.28,1,0.036,86.996,4,0.842,happy
135,0.185,0.491,183307,0.583,0.0,7,0.406,-10.964,1,0.0376,150.566,4,0.908,happy
136,0.146,0.674,216022,0.832,5.06e-06,9,0.138,-7.892,1,0.0308,125.996,4,0.981,happy
137,0.286,0.673,201287,0.735,0.0,5,0.242,-4.733,1,0.0457,115.744,4,0.754,happy
138,0.00243,0.699,219413,0.83,0.00024,1,0.0995,-4.898,1,0.0633,105.809,4,0.889,happy
139,0.0448,0.548,178148,0.806,0.0,1,0.126,-7.249,1,0.0628,189.996,4,0.749,happy
140,0.223,0.815,177667,0.518,0.0,7,0.104,-6.594,0,0.0897,151.891,4,0.877,happy
141,0.0755,0.701,197707,0.944,0.0,4,0.601,-2.986,1,0.0455,128.993,4,0.792,happy
142,0.0892,0.635,189840,0.926,4.4e-06,0,0.0928,-5.589,1,0.15,100.043,4,0.771,happy
143,0.55,0.827,198001,0.56,3.66e-05,0,0.15,-6.685,1,0.0327,122.056,4,0.873,happy
144,0.0106,0.669,237547,0.832,0.0,0,0.0968,-5.721,1,0.0682,113.035,4,0.7,happy
145,0.254,0.72,235980,0.775,0.0,9,0.0535,-4.167,1,0.0361,120.028,4,0.873,happy
146,0.88,0.675,294400,0.166,7.14e-05,11,0.0461,-22.602,1,0.171,68.837,4,0.747,happy
147,0.0846,0.717,200733,0.455,0.0,5,0.11,-8.303,1,0.0276,127.812,4,0.389,happy
148,0.0114,0.573,226198,0.711,0.0,1,0.328,-6.268,0,0.0406,105.006,4,0.47,happy
149,0.641,0.482,155227,0.849,7.74e-06,2,0.0414,-9.198,1,0.0452,124.631,4,0.937,happy
150,0.817,0.691,124160,0.333,5.03e-06,3,0.285,-12.135,1,0.0307,115.845,4,0.472,happy
151,0.196,0.64,180133,0.664,0.0,0,0.31,-4.73,1,0.0289,134.002,4,0.879,happy
152,0.185,0.491,183307,0.583,0.0,7,0.406,-10.964,1,0.0376,150.566,4,0.908,happy
153,0.223,0.643,156823,0.63,0.0,4,0.0932,-8.053,1,0.0268,92.915,4,0.717,happy
154,0.172,0.731,205933,0.804,0.00028,11,0.0685,-7.621,0,0.0473,107.383,4,0.957,happy
155,0.461,0.573,142787,0.683,0.0,5,0.0935,-6.644,1,0.176,169.519,4,0.817,happy
156,0.146,0.674,216022,0.832,5.06e-06,9,0.138,-7.892,1,0.0308,125.996,4,0.981,happy
157,0.442,0.686,201258,0.551,0.0,7,0.482,-10.475,1,0.113,159.997,4,0.784,happy
158,0.179,0.808,220627,0.535,9.91e-05,1,0.158,-12.521,1,0.0353,114.031,4,0.848,happy
159,0.00461,0.632,207375,0.597,1.22e-05,8,0.129,-8.108,1,0.0424,159.94,4,0.541,happy
160,0.0801,0.566,139471,0.855,0.0,2,0.0979,-4.251,1,0.0412,117.48,4,0.577,happy
161,0.323,0.744,149270,0.651,1.54e-05,2,0.121,-5.364,1,0.108,158.037,4,0.714,happy
162,0.0347,0.71,225240,0.609,0.0,6,0.0914,-6.162,0,0.114,148.009,4,0.743,happy
163,0.707,0.593,180087,0.5,1.24e-05,1,0.0837,-8.532,1,0.0291,117.978,4,0.466,happy
164,0.0493,0.729,182427,0.875,0.0,2,0.0688,-5.349,1,0.0665,100.067,4,0.844,happy
165,0.934,0.197,185176,0.247,0.0163,3,0.111,-8.542,1,0.0306,75.787,3,0.407,happy
166,0.0834,0.878,151905,0.623,1.35e-05,10,0.369,-5.881,1,0.0513,112.055,4,0.925,happy
167,0.077,0.534,157823,0.691,0.0,9,0.137,-4.176,1,0.141,171.967,4,0.503,happy
168,0.211,0.895,177627,0.493,1.98e-05,5,0.104,-7.59,1,0.116,122.024,4,0.759,happy
169,0.0116,0.621,178558,0.896,0.0,4,0.394,-4.665,1,0.042,156.123,4,0.739,happy
170,0.59,0.757,140339,0.579,0.0,1,0.0482,-8.967,1,0.051,117.888,4,0.572,happy
171,0.00617,0.712,187871,0.666,0.0,9,0.197,-6.341,1,0.0338,134.908,4,0.595,happy
172,0.287,0.784,194800,0.688,0.0,4,0.109,-5.779,1,0.0418,124.968,4,0.841,happy
173,0.272,0.709,229653,0.799,0.0,2,0.452,-4.985,1,0.143,103.879,4,0.699,happy
174,0.116,0.838,133912,0.649,0.000112,3,0.118,-4.657,1,0.0435,130.15,3,0.89,happy
175,0.104,0.519,177293,0.707,0.0,2,0.478,-5.328,1,0.053,90.069,4,0.77,happy
176,0.629,0.769,97296,0.715,0.0,11,0.143,-6.891,1,0.0895,94.912,4,0.963,happy
177,0.384,0.643,193413,0.646,0.0,9,0.229,-6.812,1,0.0333,151.988,4,0.664,happy
178,0.148,0.779,247787,0.516,0.0,10,0.0492,-6.467,0,0.0521,120.026,4,0.715,happy
179,0.232,0.664,152933,0.708,0.0,7,0.195,-7.58,1,0.0377,108.043,4,0.548,happy
180,0.0435,0.814,300000,0.672,0.0,9,0.061,-12.068,1,0.0619,109.394,4,0.933,happy
181,0.123,0.49,203974,0.582,1.94e-05,11,0.288,-8.972,1,0.0994,179.97,4,0.521,happy
182,0.137,0.869,158948,0.555,0.0,5,0.0746,-5.984,1,0.0454,112.003,4,0.738,happy
183,0.0192,0.613,188320,0.605,0.00018,8,0.0747,-6.29,0,0.0323,155.0,4,0.543,happy
184,0.463,0.905,206195,0.732,0.0,7,0.526,-7.384,1,0.298,145.961,4,0.689,happy
185,0.277,0.783,131331,0.596,0.0,9,0.137,-6.288,1,0.0378,121.963,4,0.975,happy
186,0.258,0.644,199027,0.678,1.14e-05,11,0.0923,-8.109,1,0.0904,119.751,4,0.496,happy
187,0.264,0.752,177000,0.65,1.42e-06,4,0.313,-6.194,1,0.0334,141.161,4,0.904,happy
188,0.00549,0.797,222707,0.606,9.62e-05,7,0.0954,-6.41,1,0.0938,99.982,4,0.77,happy
189,0.0483,0.781,204878,0.717,0.0213,7,0.433,-6.916,1,0.0321,122.974,4,0.966,happy
190,0.22,0.736,250547,0.525,0.00153,2,0.127,-9.694,1,0.0296,102.986,4,0.529,happy
191,0.0534,0.906,155135,0.532,0.00341,4,0.154,-4.937,1,0.0579,111.018,4,0.865,happy
192,0.36,0.563,240597,0.366,0.00243,11,0.0955,-6.896,0,0.121,85.352,4,0.768,happy
193,0.598,0.507,211067,0.668,0.0,11,0.172,-5.176,1,0.0568,151.32,4,0.451,happy
194,0.0821,0.686,214227,0.594,0.0897,0,0.418,-6.981,1,0.0358,132.983,4,0.287,happy
195,0.33,0.784,160022,0.695,1.09e-06,5,0.0971,-4.376,0,0.417,91.026,4,0.841,happy
196,0.358,0.748,196387,0.427,5.86e-06,6,0.307,-7.36,1,0.0421,99.999,4,0.751,happy
197,0.334,0.744,202093,0.739,2.53e-05,2,0.0617,-5.456,1,0.0482,150.014,4,0.973,happy
198,0.137,0.808,145455,0.745,0.0,4,0.125,-5.195,0,0.161,82.544,4,0.964,happy
199,0.226,0.753,156680,0.586,0.0,0,0.303,-10.699,1,0.0357,97.475,4,0.726,happy
200,0.347,0.645,251489,0.795,0.00389,7,0.104,-12.095,1,0.0527,112.067,4,0.535,happy
201,0.00548,0.784,118393,0.554,0.254,7,0.0995,-6.417,1,0.03,104.01,4,0.634,happy
202,0.827,0.586,116630,0.893,0.642,7,0.212,-8.772,1,0.439,140.023,3,0.65,happy
203,6.53e-05,0.423,191823,0.913,0.0,8,0.269,-5.354,1,0.0655,146.995,4,0.596,happy
204,0.0387,0.545,209386,0.968,0.00325,9,0.331,-3.553,0,0.0853,169.965,4,0.527,happy
205,0.037,0.79,214847,0.862,2.25e-05,9,0.0814,-3.24,0,0.11,123.992,4,0.593,happy
206,0.0332,0.648,153313,0.781,0.013,9,0.305,-8.736,0,0.0271,133.417,4,0.822,happy
207,0.131,0.699,175459,0.776,5.36e-06,0,0.205,-5.282,1,0.0293,103.963,4,0.708,happy
208,0.339,0.689,191680,0.584,0.0,1,0.297,-5.768,0,0.119,156.572,4,0.676,happy
209,0.0135,0.794,195873,0.766,0.0,9,0.0785,-3.894,0,0.0377,127.006,4,0.55,happy
210,0.114,0.762,97960,0.604,0.0,7,0.0271,-5.296,0,0.11,168.007,4,0.847,happy
211,0.314,0.633,213573,0.684,8.95e-05,10,0.112,-4.314,0,0.591,209.688,4,0.725,happy
212,0.179,0.808,220627,0.535,9.91e-05,1,0.158,-12.521,1,0.0353,114.031,4,0.848,happy
213,0.00847,0.56,218013,0.936,0.0,3,0.161,-5.835,1,0.0439,112.96,4,0.371,happy
214,0.88,0.636,164000,0.299,0.114,4,0.108,-13.717,0,0.198,119.919,4,0.0646,happy
215,0.277,0.817,234334,0.775,0.0,10,0.108,-4.767,0,0.108,126.984,4,0.806,happy
216,0.103,0.727,235213,0.974,0.000532,4,0.174,-2.261,0,0.0664,79.526,4,0.965,happy
217,0.199,0.799,202547,0.539,1.66e-05,1,0.165,-6.351,1,0.0421,136.948,4,0.394,happy
218,0.528,0.735,162876,0.812,0.0,2,0.186,-4.417,1,0.151,109.829,4,0.584,happy
219,0.132,0.694,201122,0.712,0.0,7,0.211,-3.923,0,0.046,98.023,4,0.799,happy
220,0.168,0.512,160907,0.771,0.0,4,0.0895,-7.006,1,0.0402,129.639,4,0.803,happy
221,3.84e-05,0.345,147062,0.941,0.633,9,0.0511,-9.918,1,0.0466,179.626,4,0.407,happy
222,0.0371,0.764,196520,0.705,1.94e-05,3,0.0943,-5.279,0,0.0278,101.003,4,0.672,happy
223,0.0613,0.764,165911,0.719,0.0,10,0.0982,-6.939,0,0.0769,106.96,4,0.452,happy
224,0.0372,0.727,67638,0.58,0.00377,6,0.0596,-11.094,1,0.192,114.21,4,0.75,happy
225,0.223,0.815,177667,0.518,0.0,7,0.104,-6.594,0,0.0897,151.891,4,0.877,happy
226,0.191,0.721,202907,0.88,0.0,9,0.0769,-3.896,0,0.0454,110.021,4,0.655,happy
227,0.593,0.93,178352,0.611,0.00124,0,0.0592,-4.406,1,0.0415,112.127,4,0.695,happy
228,0.0807,0.636,208760,0.676,0.0,2,0.0831,-3.442,1,0.0263,113.98,4,0.273,happy
229,0.213,0.646,227267,0.823,0.0,2,0.322,-4.123,0,0.0394,128.035,4,0.418,happy
230,0.191,0.671,252307,0.939,0.0,8,0.298,-3.206,1,0.161,129.024,4,0.53,happy
231,0.049,0.726,233478,0.698,0.0,5,0.309,-4.165,1,0.0431,143.994,4,0.867,happy
232,0.387,0.614,169853,0.682,0.0,11,0.134,-4.117,0,0.102,100.202,4,0.566,happy
233,0.0941,0.687,252307,0.617,1.27e-05,4,0.0898,-5.213,1,0.0287,121.079,4,0.665,happy
234,0.000972,0.707,206413,0.924,0.00703,7,0.204,-2.842,1,0.031,127.937,4,0.919,happy
235,0.66,0.769,164640,0.479,0.0,1,0.0914,-5.339,1,0.0385,96.051,4,0.803,happy
236,0.106,0.75,260200,0.707,0.00102,10,0.449,-7.936,0,0.0393,120.004,4,0.794,happy
237,0.533,0.755,157560,0.522,0.0,2,0.0685,-4.368,1,0.0575,89.96,4,0.925,happy
238,0.033,0.627,327429,0.718,0.586,11,0.0965,-9.288,0,0.0334,140.389,4,0.776,happy
239,0.0211,0.596,222533,0.856,0.0178,4,0.141,-3.556,0,0.0346,127.949,4,0.743,happy
240,0.434,0.871,158133,0.57,0.452,6,0.145,-7.421,0,0.0676,116.563,4,0.711,happy
241,0.0406,0.621,237800,0.873,9.1e-06,5,0.0824,-3.067,0,0.0369,97.96,4,0.873,happy
242,0.0447,0.543,243529,0.526,0.0533,2,0.0778,-9.703,1,0.0582,153.0,3,0.384,happy
243,0.598,0.744,188387,0.619,0.00372,0,0.231,-9.805,1,0.039,112.997,4,0.641,happy
244,0.0638,0.565,173889,0.832,0.0288,8,0.386,-5.751,0,0.108,143.303,4,0.847,happy
245,0.566,0.858,141520,0.435,0.0893,6,0.106,-9.611,0,0.116,136.891,4,0.824,happy
246,0.013,0.853,206693,0.56,0.0,1,0.0944,-4.961,1,0.0406,134.066,4,0.86,happy
247,0.554,0.522,175783,0.725,0.0,5,0.799,-5.184,0,0.302,108.364,4,0.81,happy
248,0.0018,0.717,160657,0.671,2.54e-06,0,0.0921,-5.077,0,0.0337,110.054,4,0.699,happy
249,0.0288,0.565,157974,0.593,0.0,8,0.215,-5.864,1,0.0883,120.509,4,0.429,happy
250,0.282,0.75,321556,0.522,0.0,9,0.0743,-7.018,1,0.0293,110.427,4,0.601,happy
251,0.0913,0.608,244880,0.768,0.0,0,0.0629,-5.227,1,0.0475,88.059,4,0.809,happy
252,0.00584,0.706,259333,0.8,0.0,5,0.0822,-6.333,1,0.0399,100.011,4,0.629,happy
253,0.168,0.512,160907,0.771,0.0,4,0.0895,-7.006,1,0.0402,129.639,4,0.803,happy
254,0.0846,0.717,200733,0.455,0.0,5,0.11,-8.303,1,0.0276,127.812,4,0.389,happy
255,0.332,0.621,230192,0.82,0.0,10,0.104,-4.865,1,0.0367,144.905,4,0.452,happy
256,0.167,0.739,215360,0.511,1.34e-06,9,0.133,-7.844,1,0.0362,96.038,4,0.542,happy
257,0.255,0.792,209547,0.647,0.000223,4,0.132,-8.314,1,0.045,102.477,4,0.694,happy
258,0.0138,0.583,220573,0.695,0.0,9,0.0527,-5.336,1,0.0423,104.879,4,0.224,happy
259,0.207,0.62,209483,0.761,0.000147,10,0.269,-7.282,0,0.175,146.003,4,0.194,happy
260,0.013,0.853,206693,0.56,0.0,1,0.0944,-4.961,1,0.0406,134.066,4,0.86,happy
261,0.00234,0.73,230013,0.849,2.57e-05,1,0.312,-5.281,0,0.0299,117.308,4,0.887,happy
262,0.00414,0.857,183733,0.468,1.32e-05,1,0.269,-8.53,1,0.0476,89.119,4,0.843,happy
263,0.00112,0.652,202067,0.698,0.000115,10,0.0886,-4.667,0,0.042,96.021,4,0.47,happy
264,0.141,0.78,180560,0.68,1.2e-05,4,0.138,-6.081,1,0.0305,118.026,4,0.594,happy
265,0.314,0.633,213573,0.684,8.95e-05,10,0.112,-4.314,0,0.591,209.688,4,0.725,happy
266,0.00719,0.654,200307,0.81,0.00251,4,0.165,-6.26,0,0.0288,114.622,4,0.661,happy
267,0.436,0.483,204280,0.731,0.0,1,0.151,-6.696,1,0.0381,101.654,4,0.484,happy
268,0.049,0.726,233478,0.698,0.0,5,0.309,-4.165,1,0.0431,143.994,4,0.867,happy
269,0.114,0.762,97960,0.604,0.0,7,0.0271,-5.296,0,0.11,168.007,4,0.847,happy
270,0.000182,0.655,192790,0.818,0.00399,0,0.104,-4.852,1,0.0319,117.956,5,0.767,happy
271,0.00847,0.56,218013,0.936,0.0,3,0.161,-5.835,1,0.0439,112.96,4,0.371,happy
272,0.0525,0.712,206200,0.862,0.0,5,0.093,-4.612,0,0.0378,95.051,4,0.809,happy
273,0.59,0.845,205680,0.567,0.00142,5,0.0811,-8.118,0,0.0956,125.02,4,0.793,happy
274,0.426,0.773,269187,0.819,0.0,0,0.0679,-5.946,0,0.118,92.99,4,0.585,happy
275,0.179,0.808,220627,0.535,9.91e-05,1,0.158,-12.521,1,0.0353,114.031,4,0.848,happy
276,0.245,0.53,306373,0.634,0.000601,2,0.0978,-5.759,1,0.0311,111.615,4,0.105,happy
277,0.0798,0.8,199849,0.598,5.47e-06,5,0.1,-5.131,0,0.0617,109.998,4,0.422,happy
278,0.495,0.775,171806,0.573,0.0,11,0.126,-4.933,1,0.0585,101.925,4,0.667,happy
279,0.107,0.935,211000,0.479,5.16e-05,11,0.118,-10.981,0,0.306,123.643,4,0.773,happy
280,0.0406,0.621,237800,0.873,9.1e-06,5,0.0824,-3.067,0,0.0369,97.96,4,0.873,happy
281,0.202,0.745,222320,0.477,0.0,11,0.12,-7.706,0,0.088,136.055,4,0.454,happy
282,0.245,0.87,198440,0.699,6.76e-06,5,0.0588,-5.541,0,0.0459,126.967,4,0.727,happy
283,0.0295,0.741,251424,0.62,0.000809,10,0.0398,-5.505,1,0.0412,117.038,4,0.934,happy
284,0.111,0.776,232200,0.561,0.0,6,0.067,-8.375,0,0.103,122.246,4,0.743,happy
285,0.0132,0.684,222187,0.71,0.0,11,0.444,-3.619,0,0.0768,93.006,4,0.439,happy
286,0.139,0.711,203747,0.634,0.0,9,0.103,-4.351,1,0.0668,90.04,4,0.356,happy
287,0.301,0.584,266320,0.435,0.00734,10,0.126,-11.736,0,0.0263,132.439,4,0.399,happy
288,0.142,0.638,227893,0.831,0.0,8,0.113,-5.039,1,0.049,124.071,4,0.649,happy
289,0.0223,0.698,203387,0.869,0.0,6,0.121,-3.294,1,0.0467,125.007,4,0.715,happy
290,0.305,0.469,176333,0.538,0.000114,8,0.37,-13.559,1,0.0575,196.606,4,0.885,happy
291,0.533,0.755,157560,0.522,0.0,2,0.0685,-4.368,1,0.0575,89.96,4,0.925,happy
292,0.607,0.816,191907,0.375,8.66e-06,7,0.0933,-8.053,1,0.0996,114.303,4,0.615,happy
293,0.0591,0.673,194240,0.902,0.000227,2,0.0558,-2.392,1,0.0346,100.012,4,0.536,happy
294,0.0212,0.679,215627,0.825,1.21e-05,0,0.543,-5.487,1,0.0309,118.049,4,0.644,happy
295,0.613,0.664,160097,0.573,0.000363,5,0.0857,-6.519,1,0.0277,76.023,4,0.566,happy
296,0.0136,0.739,231387,0.756,0.0,4,0.37,-4.828,1,0.0394,110.028,4,0.523,happy
297,0.00543,0.611,218107,0.797,0.00137,6,0.26,-7.627,0,0.0533,120.041,4,0.518,happy
298,0.189,0.695,215280,0.763,0.00242,0,0.0863,-3.497,1,0.0396,120.042,4,0.551,happy
299,0.177,0.795,223040,0.75,0.0,1,0.0875,-3.604,1,0.0526,115.005,4,0.762,happy
300,0.923,0.582,213000,0.244,0.917,1,0.108,-12.443,1,0.0325,69.978,4,0.157,sad
301,0.672,0.791,215111,0.271,0.543,5,0.102,-11.959,1,0.0431,166.002,4,0.564,sad
302,0.927,0.235,284305,0.217,0.0,2,0.163,-11.72,1,0.0342,82.522,4,0.221,sad
303,0.527,0.392,57370,0.429,0.015,5,0.217,-10.279,0,0.0462,72.104,4,0.105,sad
304,0.894,0.486,170791,0.313,0.948,7,0.167,-14.323,1,0.0252,102.605,4,0.199,sad
305,0.923,0.367,246627,0.239,0.0131,3,0.118,-11.325,1,0.0307,174.841,3,0.24,sad
306,0.329,0.813,239646,0.212,0.0725,8,0.123,-15.421,1,0.163,159.062,4,0.482,sad
307,0.0588,0.471,158573,0.881,0.000378,11,0.26,-4.483,0,0.0467,169.898,4,0.544,sad
308,0.159,0.471,208500,0.634,0.365,8,0.374,-7.406,1,0.031,132.542,4,0.366,sad
309,0.894,0.662,169992,0.659,0.958,6,0.266,-10.332,1,0.0258,98.952,4,0.558,sad
310,0.619,0.509,256000,0.403,0.000496,2,0.383,-9.862,1,0.0299,117.241,4,0.0838,sad
311,0.918,0.316,84702,0.318,0.861,0,0.119,-13.164,1,0.0339,147.275,4,0.135,sad
312,0.983,0.544,204773,0.241,0.774,4,0.101,-14.779,0,0.03,109.437,4,0.359,sad
313,0.593,0.93,178352,0.611,0.00124,0,0.0592,-4.406,1,0.0415,112.127,4,0.695,sad
314,0.283,0.678,155500,0.64,0.00067,9,0.682,-7.486,1,0.0268,90.058,4,0.701,sad
315,0.814,0.223,214588,0.417,0.93,8,0.12,-21.095,0,0.0468,135.402,4,0.389,sad
316,0.243,0.517,212308,0.713,0.852,2,0.133,-8.508,1,0.0403,129.917,4,0.367,sad
317,0.262,0.538,231724,0.557,0.914,11,0.102,-8.678,1,0.0914,131.03,4,0.506,sad
318,0.922,0.557,218000,0.16,0.000756,5,0.0996,-16.302,0,0.0315,136.01,4,0.133,sad
319,0.261,0.444,110181,0.418,0.823,11,0.112,-7.219,1,0.026,98.958,3,0.236,sad
320,0.702,0.423,186727,0.378,0.000644,1,0.146,-10.488,0,0.0527,143.432,4,0.0897,sad
321,0.0768,0.188,115470,0.847,0.32,8,0.121,-3.268,1,0.034,88.494,4,0.389,sad
322,0.902,0.559,170435,0.287,0.00167,8,0.0985,-10.41,1,0.0381,134.655,4,0.332,sad
323,0.893,0.487,121000,0.318,0.00559,7,0.0793,-16.804,1,0.411,92.874,4,0.148,sad
324,0.554,0.751,217000,0.72,0.0497,4,0.258,-6.376,1,0.0303,135.73,4,0.884,sad
325,0.247,0.417,295600,0.33,0.000689,9,0.0677,-13.925,1,0.0275,157.113,3,0.175,sad
326,0.906,0.608,268350,0.346,6.94e-05,8,0.118,-11.092,0,0.0296,134.049,4,0.368,sad
327,0.987,0.487,152538,0.187,0.947,8,0.494,-18.168,0,0.0502,108.861,4,0.368,sad
328,0.953,0.444,231040,0.152,8.85e-05,8,0.0966,-12.87,0,0.0471,115.95,1,0.227,sad
329,0.432,0.646,218626,0.399,0.284,5,0.124,-14.222,1,0.0295,104.985,4,0.581,sad
330,0.407,0.236,224655,0.511,0.281,0,0.346,-10.788,0,0.0442,80.973,4,0.227,sad
331,0.852,0.337,266733,0.197,0.015,1,0.111,-13.937,1,0.0357,90.386,1,0.0385,sad
332,0.00283,0.526,212432,0.447,0.0301,2,0.109,-9.268,1,0.0274,74.995,4,0.183,sad
333,0.153,0.546,177493,0.465,0.00259,5,0.321,-8.167,1,0.0287,73.369,4,0.415,sad
334,0.533,0.388,400560,0.6,0.407,7,0.144,-8.442,1,0.0311,143.94,4,0.508,sad
335,0.0381,0.521,106552,0.576,0.702,2,0.181,-4.64,1,0.0267,60.347,4,0.649,sad
336,0.882,0.822,82800,0.107,0.861,1,0.084,-13.824,1,0.0862,77.467,4,0.622,sad
337,0.00491,0.474,122339,0.921,0.85,9,0.476,-10.431,0,0.0457,93.01,4,0.696,sad
338,0.223,0.545,206625,0.416,0.943,9,0.227,-11.186,1,0.0305,128.034,4,0.224,sad
339,0.491,0.773,210240,0.256,0.00612,7,0.144,-8.545,0,0.0481,118.893,3,0.357,sad
340,0.877,0.24,188324,0.116,0.00092,0,0.1,-13.216,1,0.0329,77.349,3,0.0937,sad
341,0.945,0.6,178326,0.155,0.904,1,0.0797,-19.081,0,0.0397,59.981,4,0.204,sad
342,0.776,0.693,210000,0.375,0.00123,11,0.168,-12.33,0,0.0339,120.023,4,0.359,sad
343,0.816,0.697,278373,0.259,0.0109,10,0.148,-9.108,0,0.0839,74.863,4,0.334,sad
344,0.804,0.682,287871,0.281,0.359,5,0.106,-14.267,1,0.126,82.954,4,0.475,sad
345,0.489,0.788,160347,0.473,0.254,0,0.109,-12.744,1,0.0328,105.429,4,0.81,sad
346,0.812,0.322,191362,0.32,0.571,8,0.0916,-12.811,1,0.0322,95.009,4,0.0341,sad
347,0.24,0.435,189633,0.751,0.591,0,0.221,-8.331,1,0.0273,164.018,3,0.819,sad
348,2.15e-05,0.426,134557,0.67,0.706,5,0.124,-8.947,0,0.0353,78.487,4,0.179,sad
349,0.72,0.65,161162,0.218,0.0692,4,0.0887,-14.284,1,0.059,139.815,4,0.187,sad
350,0.0905,0.707,270847,0.238,2.42e-06,3,0.0842,-8.818,1,0.0379,124.156,3,0.345,sad
351,0.617,0.703,221747,0.757,0.0,1,0.106,-3.612,1,0.05,82.008,4,0.696,sad
352,0.748,0.719,124000,0.36,2.18e-06,6,0.0812,-12.034,1,0.398,80.184,4,0.409,sad
353,0.0495,0.612,240400,0.807,0.0177,10,0.101,-2.81,1,0.0336,124.053,4,0.398,sad
354,0.83,0.64,148640,0.355,0.000938,5,0.11,-10.599,1,0.0906,120.063,4,0.451,sad
355,0.891,0.44,233456,0.317,4.78e-06,8,0.141,-9.258,1,0.0531,169.914,3,0.268,sad
356,0.388,0.723,218893,0.504,7.4e-05,8,0.087,-5.572,1,0.0392,133.975,4,0.551,sad
357,0.0991,0.716,226693,0.729,0.0,5,0.0842,-6.313,1,0.117,131.975,4,0.276,sad
358,0.531,0.575,242485,0.45,6.59e-05,4,0.124,-9.306,1,0.0259,132.039,4,0.263,sad
359,0.872,0.845,122222,0.398,0.00713,5,0.159,-15.781,1,0.268,109.996,4,0.482,sad
360,0.527,0.392,57370,0.429,0.015,5,0.217,-10.279,0,0.0462,72.104,4,0.105,sad
361,0.613,0.686,232067,0.494,5.8e-05,1,0.402,-7.093,1,0.0355,168.946,4,0.7,sad
362,0.0351,0.689,159246,0.454,0.00259,2,0.0707,-7.643,1,0.0584,159.982,4,0.912,sad
363,0.0886,0.723,252893,0.471,0.000881,10,0.112,-9.506,1,0.122,121.962,4,0.135,sad
364,0.0673,0.309,195121,0.883,0.00111,9,0.0849,-3.825,1,0.0808,159.488,4,0.312,sad
365,0.0807,0.636,208760,0.676,0.0,2,0.0831,-3.442,1,0.0263,113.98,4,0.273,sad
366,0.00596,0.853,220709,0.467,0.00171,9,0.203,-6.843,0,0.195,87.023,4,0.329,sad
367,0.524,0.449,198371,0.465,1.02e-06,0,0.303,-8.964,1,0.0791,89.087,3,0.543,sad
368,0.365,0.479,252733,0.545,0.0,7,0.0963,-7.346,1,0.0688,74.897,4,0.243,sad
369,0.77,0.533,347987,0.496,0.000164,6,0.0969,-9.363,0,0.517,155.158,4,0.173,sad
370,0.0175,0.669,196400,0.574,0.00294,4,0.146,-6.442,0,0.0286,120.013,4,0.273,sad
371,0.554,0.751,217000,0.72,0.0497,4,0.258,-6.376,1,0.0303,135.73,4,0.884,sad
372,0.434,0.335,156507,0.305,0.631,1,0.101,-12.661,1,0.0741,79.001,5,0.215,sad
373,3.84e-05,0.345,147062,0.941,0.633,9,0.0511,-9.918,1,0.0466,179.626,4,0.407,sad
374,0.135,0.469,152551,0.909,0.000164,10,0.453,-6.726,0,0.0389,90.222,4,0.333,sad
375,0.445,0.715,215556,0.71,0.000284,4,0.103,-9.504,1,0.432,162.043,4,0.526,sad
376,0.0401,0.622,278293,0.455,0.0,9,0.0957,-7.116,1,0.0282,124.412,4,0.274,sad
377,0.847,0.734,95467,0.57,2.14e-05,7,0.112,-7.066,0,0.133,129.953,4,0.689,sad
378,0.188,0.664,193962,0.738,5.75e-05,9,0.135,-4.095,0,0.0338,119.973,4,0.203,sad
379,0.0555,0.566,224720,0.465,0.0,2,0.567,-11.714,1,0.235,143.015,4,0.177,sad
380,0.768,0.622,237093,0.229,0.00906,1,0.134,-11.322,1,0.0445,81.87,4,0.0998,sad
381,0.694,0.591,216524,0.473,0.00334,7,0.108,-8.122,0,0.0708,152.88,4,0.451,sad
382,0.12,0.625,198961,0.659,0.0,0,0.17,-5.669,1,0.0337,113.551,4,0.594,sad
383,6.53e-05,0.423,191823,0.913,0.0,8,0.269,-5.354,1,0.0655,146.995,4,0.596,sad
384,0.929,0.399,177922,0.0969,0.000168,6,0.121,-12.578,1,0.0509,109.54,4,0.0758,sad
385,0.114,0.638,245604,0.6,0.0,1,0.187,-5.84,0,0.0438,101.981,4,0.0399,sad
386,0.206,0.705,193548,0.619,0.000986,8,0.139,-6.208,1,0.0493,93.031,4,0.39,sad
387,0.124,0.792,168490,0.511,9.04e-05,2,0.14,-6.876,1,0.0409,113.983,4,0.111,sad
388,0.782,0.746,120027,0.251,0.00203,11,0.106,-16.169,0,0.259,139.999,4,0.18,sad
389,0.0616,0.715,205800,0.638,0.0,5,0.157,-5.017,0,0.0751,149.999,4,0.151,sad
390,0.934,0.286,255987,0.0847,6.94e-06,2,0.121,-9.883,1,0.0397,70.743,4,0.112,sad
391,0.818,0.656,250120,0.33,0.00386,8,0.107,-8.771,1,0.162,119.057,4,0.349,sad
392,0.0449,0.247,198213,0.438,0.000942,5,0.111,-8.478,1,0.0358,185.703,3,0.391,sad
393,0.391,0.898,181507,0.509,0.0,5,0.0876,-7.973,1,0.062,119.869,4,0.727,sad
394,0.478,0.591,273864,0.376,0.0282,11,0.101,-10.832,0,0.0543,140.026,4,0.308,sad
395,0.285,0.8,132227,0.526,0.0,11,0.0717,-8.909,1,0.0416,149.991,4,0.729,sad
396,0.775,0.537,161423,0.366,0.883,7,0.113,-12.774,1,0.0303,104.572,4,0.0538,sad
397,0.954,0.563,240294,0.198,0.00892,10,0.135,-10.034,1,0.0315,132.691,4,0.0777,sad
398,0.873,0.539,177152,0.318,0.0,4,0.105,-10.29,1,0.0982,77.149,4,0.497,sad
399,0.351,0.449,292110,0.51,0.761,6,0.139,-9.075,1,0.0278,96.425,4,0.115,sad
400,0.612,0.467,261467,0.247,0.000271,6,0.17,-12.002,0,0.0431,148.101,4,0.126,sad
401,0.0351,0.689,159246,0.454,0.00259,2,0.0707,-7.643,1,0.0584,159.982,4,0.912,sad
402,0.682,0.494,211979,0.413,6.72e-05,11,0.193,-10.432,1,0.0254,94.938,4,0.273,sad
403,0.656,0.53,157147,0.406,0.0,10,0.133,-7.507,1,0.033,115.94,3,0.338,sad
404,0.552,0.705,236907,0.339,0.0814,7,0.12,-10.612,1,0.0278,97.989,4,0.457,sad
405,0.308,0.521,251668,0.592,0.0,6,0.122,-7.777,0,0.0304,157.969,3,0.535,sad
406,0.775,0.537,161423,0.366,0.883,7,0.113,-12.774,1,0.0303,104.572,4,0.0538,sad
407,0.476,0.584,246735,0.408,0.0,1,0.18,-7.356,0,0.0461,115.129,4,0.333,sad
408,0.892,0.537,238880,0.296,0.266,3,0.138,-12.37,1,0.0331,90.147,4,0.253,sad
409,0.941,0.473,163587,0.203,0.0,2,0.126,-12.627,1,0.102,168.884,4,0.419,sad
410,0.946,0.736,220492,0.308,0.0,4,0.186,-7.83,1,0.0677,111.202,4,0.361,sad
411,0.978,0.367,196077,0.111,3.97e-05,4,0.0897,-14.084,1,0.0972,82.642,4,0.198,sad
412,0.667,0.901,211140,0.136,0.354,8,0.109,-16.127,0,0.102,150.076,4,0.643,sad
413,0.914,0.589,221107,0.242,0.0,6,0.0887,-10.517,1,0.0442,89.749,4,0.257,sad
414,0.0131,0.757,203227,0.765,0.0,0,0.37,-5.707,1,0.0313,133.973,4,0.745,sad
415,0.039,0.338,248373,0.562,0.0,9,0.107,-7.181,1,0.029,149.907,4,0.259,sad
416,0.616,0.398,222800,0.286,0.000146,7,0.0912,-11.881,1,0.033,78.262,4,0.0666,sad
417,0.919,0.537,183219,0.19,3.47e-05,1,0.0805,-12.188,1,0.0326,132.044,4,0.32,sad
418,0.913,0.561,219147,0.0848,2.62e-05,2,0.112,-15.099,1,0.0404,102.128,4,0.206,sad
419,0.805,0.457,257533,0.407,0.884,9,0.126,-11.475,1,0.0308,117.053,4,0.126,sad
420,0.753,0.638,202827,0.259,0.0,7,0.219,-10.706,1,0.0898,88.485,4,0.269,sad
421,0.583,0.575,160240,0.648,0.0,10,0.115,-4.891,1,0.0358,75.977,4,0.466,sad
422,0.934,0.351,200186,0.296,0.0,4,0.095,-10.109,0,0.0333,115.284,4,0.12,sad
423,0.913,0.857,250653,0.266,0.0481,7,0.11,-13.914,0,0.0443,96.963,4,0.26,sad
424,0.728,0.453,175027,0.383,0.0,0,0.387,-11.015,1,0.163,105.029,4,0.333,sad
425,0.302,0.612,112864,0.344,0.296,11,0.115,-14.066,0,0.0269,97.479,3,0.0691,sad
426,0.882,0.541,176972,0.153,1.66e-06,6,0.16,-10.654,1,0.0303,139.644,4,0.359,sad
427,0.638,0.715,201000,0.372,0.0,5,0.169,-8.237,1,0.0443,91.931,4,0.474,sad
428,0.732,0.628,184893,0.298,0.0,11,0.116,-9.539,1,0.0713,63.762,4,0.166,sad
429,0.881,0.405,303653,0.279,0.0,10,0.0933,-8.099,1,0.0334,119.85,4,0.256,sad
430,0.0251,0.394,278547,0.475,0.00749,10,0.112,-7.935,1,0.028,129.995,3,0.441,sad
431,0.905,0.511,189386,0.313,0.0,10,0.0832,-9.32,1,0.0846,126.962,4,0.331,sad
432,0.707,0.593,180087,0.5,1.24e-05,1,0.0837,-8.532,1,0.0291,117.978,4,0.466,sad
433,0.896,0.614,180933,0.318,0.00239,7,0.0795,-12.695,1,0.0478,119.959,4,0.112,sad
434,0.929,0.459,153609,0.162,0.0,0,0.137,-11.634,1,0.0425,184.784,3,0.483,sad
435,0.862,0.567,273000,0.303,0.00563,7,0.104,-12.481,0,0.0351,124.949,4,0.252,sad
436,0.942,0.436,200476,0.299,0.0498,0,0.118,-10.42,1,0.0392,85.744,4,0.244,sad
437,0.92,0.538,132000,0.0203,0.019,4,0.104,-23.163,1,0.0437,121.447,3,0.103,sad
438,0.785,0.492,238707,0.379,0.00093,0,0.108,-8.859,1,0.0257,83.993,3,0.273,sad
439,0.502,0.619,204173,0.452,0.0,9,0.122,-5.449,1,0.028,131.981,4,0.174,sad
440,0.48,0.753,120547,0.355,0.87,8,0.122,-13.295,0,0.0898,111.863,4,0.506,sad
441,0.951,0.691,222468,0.0682,0.0,5,0.0916,-18.186,1,0.0645,76.94,4,0.352,sad
442,0.598,0.697,216680,0.336,0.00528,9,0.107,-10.395,1,0.0424,82.029,3,0.31,sad
443,0.955,0.415,256300,0.104,3.79e-06,0,0.104,-11.83,1,0.0426,82.006,3,0.18,sad
444,0.953,0.391,222370,0.084,0.0,0,0.0983,-17.843,1,0.0317,79.449,4,0.111,sad
445,0.0205,0.369,290617,0.468,0.566,5,0.109,-9.013,1,0.0273,94.434,4,0.18,sad
446,0.759,0.506,231100,0.438,8.64e-06,5,0.109,-7.069,1,0.0268,129.538,4,0.178,sad
447,0.883,0.669,121887,0.308,0.0,11,0.0984,-10.068,1,0.029,64.934,4,0.52,sad
448,0.623,0.631,241627,0.372,0.0,9,0.0677,-8.545,0,0.0247,104.956,4,0.357,sad
449,0.802,0.546,195840,0.5,0.00108,0,0.107,-8.881,1,0.0379,150.92,4,0.449,sad
450,0.969,0.518,118560,0.0148,0.922,8,0.119,-27.117,0,0.0589,135.056,4,0.105,sad
451,0.698,0.702,145438,0.22,0.0,0,0.0891,-13.696,1,0.0403,129.9,4,0.197,sad
452,0.799,0.574,179173,0.408,0.00295,0,0.15,-9.733,1,0.0359,126.127,4,0.134,sad
453,0.664,0.586,180000,0.362,5.76e-06,10,0.103,-12.846,1,0.0368,123.135,4,0.554,sad
454,0.961,0.261,58000,0.384,0.0117,5,0.938,-21.049,1,0.108,104.224,1,0.487,sad
455,0.805,0.457,257533,0.407,0.884,9,0.126,-11.475,1,0.0308,117.053,4,0.126,sad
456,0.981,0.44,193749,0.04,0.465,3,0.111,-16.887,1,0.0322,135.965,4,0.249,sad
457,0.742,0.638,246933,0.539,0.0,11,0.297,-4.778,1,0.0344,129.924,4,0.415,sad
458,0.971,0.329,289560,0.277,0.024,10,0.0971,-13.111,0,0.0302,159.719,3,0.121,sad
459,0.0858,0.576,166939,0.442,0.0,3,0.0896,-8.797,1,0.047,80.535,4,0.25,sad
460,0.886,0.648,184638,0.308,0.0774,1,0.124,-11.729,1,0.04,76.997,1,0.198,sad
461,0.989,0.303,160853,0.187,0.499,2,0.102,-16.757,1,0.0356,132.679,4,0.212,sad
462,0.521,0.408,177609,0.338,0.000639,4,0.0732,-13.626,1,0.0431,133.943,3,0.1,sad
463,0.611,0.546,164187,0.332,0.000385,2,0.123,-10.334,1,0.0582,74.938,4,0.211,sad
464,0.645,0.717,182361,0.286,0.0,2,0.135,-10.578,0,0.0335,107.934,4,0.291,sad
465,0.914,0.374,146000,0.0453,0.0244,7,0.153,-22.595,1,0.0425,120.593,4,0.202,sad
466,0.906,0.608,268350,0.346,6.94e-05,8,0.118,-11.092,0,0.0296,134.049,4,0.368,sad
467,0.678,0.774,131613,0.338,0.0,2,0.167,-6.073,0,0.0447,93.057,4,0.422,sad
468,0.666,0.702,218812,0.545,0.0,5,0.312,-8.179,1,0.0505,109.932,4,0.374,sad
469,0.929,0.399,177922,0.0969,0.000168,6,0.121,-12.578,1,0.0509,109.54,4,0.0758,sad
470,0.963,0.341,177053,0.0322,0.842,5,0.11,-16.878,1,0.0368,91.53,4,0.0383,sad
471,0.384,0.665,162224,0.719,0.0,1,0.118,-6.897,1,0.0328,112.473,4,0.491,sad
472,0.868,0.504,137773,0.308,0.135,9,0.158,-14.958,1,0.0321,113.95,4,0.121,sad
473,0.727,0.478,141942,0.271,0.0,0,0.112,-9.107,1,0.0314,122.627,4,0.245,sad
474,0.566,0.26,174295,0.345,0.000105,5,0.101,-9.169,1,0.0433,175.132,5,0.144,sad
475,0.0807,0.636,208760,0.676,0.0,2,0.0831,-3.442,1,0.0263,113.98,4,0.273,sad
476,0.136,0.789,185005,0.322,0.0,5,0.0836,-13.319,1,0.487,71.966,4,0.42,sad
477,0.578,0.606,154113,0.45,0.133,11,0.108,-8.762,0,0.123,127.692,4,0.183,sad
478,0.166,0.677,113382,0.617,0.0,4,0.311,-5.8,0,0.0305,102.036,3,0.29,sad
479,0.718,0.443,152120,0.535,0.0,2,0.144,-7.477,1,0.167,96.149,3,0.345,sad
480,0.219,0.414,153460,0.637,6.79e-06,4,0.328,-4.851,1,0.0286,139.823,4,0.203,sad
481,0.933,0.689,196364,0.246,0.0534,4,0.113,-13.33,1,0.0379,87.985,4,0.18,sad
482,0.64,0.683,146441,0.503,0.0,0,0.107,-10.465,0,0.0526,118.001,4,0.385,sad
483,0.873,0.666,386200,0.317,3.74e-05,5,0.111,-10.644,1,0.0327,117.676,4,0.359,sad
484,0.468,0.4,212736,0.571,3.05e-05,11,0.519,-6.534,0,0.0288,61.859,4,0.146,sad
485,0.926,0.631,232992,0.348,8.87e-05,10,0.295,-10.285,1,0.0343,110.019,4,0.32,sad
486,0.935,0.263,234267,0.112,8.5e-05,5,0.0565,-16.55,1,0.0344,76.244,4,0.0903,sad
487,0.15,0.269,187941,0.373,0.0,8,0.129,-7.113,0,0.0371,202.899,3,0.321,sad
488,0.653,0.72,123659,0.396,0.0,6,0.111,-7.936,0,0.0383,81.979,4,0.349,sad
489,0.982,0.532,126825,0.137,0.962,9,0.112,-18.208,1,0.0717,118.734,4,0.301,sad
490,0.296,0.551,182307,0.529,0.0093,5,0.178,-10.469,0,0.0517,75.515,4,0.521,sad
491,0.106,0.633,130385,0.643,0.00831,0,0.78,-8.122,1,0.0252,103.842,4,0.472,sad
492,0.411,0.622,178000,0.375,0.0,10,0.0812,-9.069,1,0.0279,111.968,4,0.221,sad
493,0.189,0.717,191973,0.7,0.0,1,0.374,-5.843,0,0.0382,103.517,4,0.568,sad
494,0.701,0.559,286928,0.422,1.99e-06,11,0.0853,-11.89,1,0.195,74.002,4,0.191,sad
495,0.0529,0.4,229173,0.479,2.14e-06,8,0.115,-7.989,0,0.0308,166.159,4,0.213,sad
496,0.583,0.575,160240,0.648,0.0,10,0.115,-4.891,1,0.0358,75.977,4,0.466,sad
497,0.942,0.449,173640,0.353,0.0786,7,0.109,-12.986,1,0.0915,165.888,4,0.55,sad
498,0.039,0.338,248373,0.562,0.0,9,0.107,-7.181,1,0.029,149.907,4,0.259,sad
499,0.645,0.611,131600,0.676,0.0,0,0.0842,-6.591,1,0.0411,149.996,4,0.313,sad
500,0.77,0.501,248808,0.0958,0.0,0,0.298,-15.605,1,0.0433,108.741,4,0.204,sad
501,0.678,0.764,121680,0.526,0.0,0,0.163,-6.381,0,0.0544,81.004,4,0.323,sad
502,0.0963,0.631,176443,0.709,0.0,2,0.376,-4.666,1,0.0505,84.504,4,0.2,sad
503,0.967,0.476,133763,0.161,0.0381,8,0.109,-11.665,0,0.0407,119.614,4,0.0908,sad
504,0.00317,0.339,95002,0.842,1.4e-05,9,0.107,-4.65,1,0.048,83.942,4,0.144,sad
505,0.124,0.792,168490,0.511,9.04e-05,2,0.14,-6.876,1,0.0409,113.983,4,0.111,sad
506,0.949,0.593,76974,0.0668,1.31e-05,11,0.194,-15.268,0,0.0722,102.456,4,0.19,sad
507,0.0949,0.646,168751,0.656,0.0,11,0.103,-6.798,0,0.0743,160.065,4,0.501,sad
508,0.0689,0.556,223347,0.538,0.0,8,0.196,-5.408,0,0.0382,143.946,4,0.291,sad
509,0.0182,0.712,148571,0.861,6.09e-06,5,0.511,-5.487,0,0.25,84.042,4,0.388,sad
510,0.0509,0.669,203881,0.578,0.0,10,0.0796,-4.669,0,0.374,158.969,4,0.7,sad
511,0.785,0.575,249191,0.386,0.000289,9,0.229,-9.584,0,0.037,116.408,4,0.466,sad
512,0.00237,0.52,253587,0.852,5.79e-05,0,0.0733,-5.866,1,0.0543,140.267,4,0.234,sad
513,0.672,0.791,215111,0.271,0.543,5,0.102,-11.959,1,0.0431,166.002,4,0.564,sad
514,0.219,0.946,246988,0.646,0.0,5,0.0643,-6.604,1,0.21,127.978,4,0.961,sad
515,0.00499,0.512,229728,0.77,0.888,4,0.174,-5.932,1,0.0284,134.053,4,0.178,sad
516,0.105,0.626,377347,0.583,0.0,10,0.115,-7.574,0,0.0435,127.966,4,0.335,sad
517,0.334,0.8,150475,0.526,0.00174,8,0.0571,-5.153,1,0.0716,129.874,4,0.746,sad
518,2.15e-05,0.426,134557,0.67,0.706,5,0.124,-8.947,0,0.0353,78.487,4,0.179,sad
519,0.12,0.625,198961,0.659,0.0,0,0.17,-5.669,1,0.0337,113.551,4,0.594,sad
520,0.646,0.492,347227,0.26,0.00178,9,0.0705,-17.341,0,0.0921,111.519,5,0.312,sad
521,0.0484,0.575,206280,0.568,0.000417,9,0.286,-5.509,0,0.03,93.986,4,0.37,sad
522,0.877,0.24,188324,0.116,0.00092,0,0.1,-13.216,1,0.0329,77.349,3,0.0937,sad
523,0.714,0.566,165672,0.613,0.799,5,0.0848,-10.118,1,0.0874,110.886,4,0.219,sad
524,0.672,0.536,286773,0.436,0.697,8,0.11,-9.187,1,0.0248,105.13,4,0.134,sad
525,0.159,0.471,208500,0.634,0.365,8,0.374,-7.406,1,0.031,132.542,4,0.366,sad
526,0.00872,0.51,85360,0.739,0.0,2,0.111,-7.41,1,0.0415,62.007,4,0.148,sad
527,0.787,0.412,257267,0.227,4.69e-06,0,0.282,-12.696,1,0.0359,80.111,4,0.227,sad
528,0.883,0.669,121887,0.308,0.0,11,0.0984,-10.068,1,0.029,64.934,4,0.52,sad
529,0.919,0.347,177231,0.235,0.887,10,0.0862,-14.864,1,0.0293,129.914,4,0.12,sad
530,0.488,0.637,159733,0.562,0.0,4,0.114,-7.348,0,0.0694,75.041,4,0.352,sad
531,0.0555,0.566,224720,0.465,0.0,2,0.567,-11.714,1,0.235,143.015,4,0.177,sad
532,0.00892,0.464,251187,0.701,0.309,6,0.335,-5.693,0,0.0411,83.996,4,0.356,sad
533,0.738,0.359,175453,0.367,1.43e-06,9,0.0736,-7.684,1,0.0335,83.331,4,0.104,sad
534,0.624,0.54,252320,0.572,0.0,9,0.14,-8.665,1,0.115,82.562,3,0.43,sad
535,0.0561,0.41,215150,0.48,0.814,9,0.0972,-9.417,0,0.0294,75.303,4,0.129,sad
536,0.0769,0.671,165820,0.529,0.000335,0,0.0856,-7.226,1,0.307,161.989,4,0.203,sad
537,0.355,0.813,145899,0.608,8.56e-06,7,0.0963,-9.918,1,0.169,149.251,4,0.0512,sad
538,7.53e-06,0.559,213920,0.871,0.00545,5,0.096,-5.338,0,0.0397,104.97,4,0.572,sad
539,0.782,0.746,120027,0.251,0.00203,11,0.106,-16.169,0,0.259,139.999,4,0.18,sad
540,0.0175,0.669,196400,0.574,0.00294,4,0.146,-6.442,0,0.0286,120.013,4,0.273,sad
541,0.664,0.513,208000,0.37,0.086,9,0.328,-13.933,0,0.0887,119.761,4,0.351,sad
542,0.841,0.397,265120,0.172,6.78e-05,6,0.108,-15.698,0,0.0445,101.275,4,0.123,sad
543,0.186,0.551,153000,0.881,0.0791,7,0.152,-6.099,0,0.0542,88.036,4,0.387,sad
544,0.983,0.525,66786,0.131,0.00433,0,0.12,-12.787,1,0.458,107.007,5,0.811,sad
545,0.00994,0.552,191797,0.634,0.202,1,0.0798,-8.302,0,0.0261,76.557,4,0.213,sad
546,0.0739,0.543,231298,0.492,0.0,7,0.11,-7.432,1,0.156,220.099,4,0.107,sad
547,0.758,0.408,256800,0.398,0.654,7,0.112,-10.448,1,0.0277,142.834,4,0.165,sad
548,0.253,0.539,254493,0.414,1.3e-06,1,0.143,-9.156,0,0.0601,94.895,4,0.123,sad
549,0.137,0.597,171442,0.477,0.0,1,0.113,-9.638,0,0.642,80.382,4,0.512,sad
550,0.308,0.521,251668,0.592,0.0,6,0.122,-7.777,0,0.0304,157.969,3,0.535,sad
551,0.806,0.404,186000,0.393,0.000443,2,0.0938,-6.607,1,0.0262,98.217,4,0.403,sad
552,0.646,0.548,252231,0.765,0.00378,6,0.522,-4.463,1,0.0525,129.933,4,0.573,sad
553,0.557,0.555,87000,0.216,0.00416,3,0.109,-11.661,1,0.0721,79.109,3,0.504,sad
554,0.72,0.498,179080,0.235,0.0,1,0.144,-16.541,0,0.188,118.917,4,0.0895,sad
555,0.929,0.399,177922,0.0969,0.000168,6,0.121,-12.578,1,0.0509,109.54,4,0.0758,sad
556,0.394,0.551,180019,0.639,0.000141,1,0.373,-7.475,1,0.123,167.809,4,0.326,sad
557,0.0769,0.671,165820,0.529,0.000335,0,0.0856,-7.226,1,0.307,161.989,4,0.203,sad
558,0.0991,0.716,226693,0.729,0.0,5,0.0842,-6.313,1,0.117,131.975,4,0.276,sad
559,0.969,0.545,208212,0.366,0.267,2,0.641,-9.51,1,0.0378,86.997,3,0.1,sad
560,0.661,0.592,110886,0.457,0.000331,9,0.146,-6.081,0,0.0603,146.04,4,0.225,sad
561,0.606,0.551,210667,0.44,3.02e-05,10,0.11,-8.559,1,0.0985,167.923,4,0.341,sad
562,0.195,0.61,347520,0.788,0.0142,0,0.153,-5.724,1,0.0585,101.045,4,0.472,sad
563,0.395,0.576,262231,0.714,0.0,6,0.115,-5.247,1,0.0595,144.981,4,0.321,sad
564,0.787,0.412,257267,0.227,4.69e-06,0,0.282,-12.696,1,0.0359,80.111,4,0.227,sad
565,0.0905,0.707,270847,0.238,2.42e-06,3,0.0842,-8.818,1,0.0379,124.156,3,0.345,sad
566,0.785,0.575,249191,0.386,0.000289,9,0.229,-9.584,0,0.037,116.408,4,0.466,sad
567,0.967,0.476,133763,0.161,0.0381,8,0.109,-11.665,0,0.0407,119.614,4,0.0908,sad
568,0.172,0.635,215381,0.537,0.0,7,0.418,-7.895,0,0.0832,125.028,4,0.383,sad
569,0.443,0.876,197217,0.312,0.0,7,0.247,-10.17,1,0.0521,114.973,4,0.377,sad
570,0.0807,0.636,208760,0.676,0.0,2,0.0831,-3.442,1,0.0263,113.98,4,0.273,sad
571,0.528,0.331,285935,0.341,0.0,9,0.109,-6.057,0,0.0309,109.821,4,0.152,sad
572,0.388,0.723,218893,0.504,7.4e-05,8,0.087,-5.572,1,0.0392,133.975,4,0.551,sad
573,0.83,0.64,148640,0.355,0.000938,5,0.11,-10.599,1,0.0906,120.063,4,0.451,sad
574,0.67,0.506,92400,0.362,0.0,10,0.176,-9.48,1,0.0416,84.726,4,0.385,sad
575,0.515,0.759,237507,0.245,0.000154,6,0.102,-6.545,1,0.138,96.992,4,0.209,sad
576,0.186,0.551,153000,0.881,0.0791,7,0.152,-6.099,0,0.0542,88.036,4,0.387,sad
577,0.77,0.501,248808,0.0958,0.0,0,0.298,-15.605,1,0.0433,108.741,4,0.204,sad
578,0.00237,0.52,253587,0.852,5.79e-05,0,0.0733,-5.866,1,0.0543,140.267,4,0.234,sad
579,0.328,0.623,240051,0.692,0.0,2,0.153,-5.122,1,0.0504,79.899,4,0.566,sad
580,0.0175,0.669,196400,0.574,0.00294,4,0.146,-6.442,0,0.0286,120.013,4,0.273,sad
581,0.00596,0.853,220709,0.467,0.00171,9,0.203,-6.843,0,0.195,87.023,4,0.329,sad
582,0.591,0.864,244973,0.495,0.000133,0,0.0992,-7.036,1,0.037,129.062,4,0.72,sad
583,0.00181,0.174,223747,0.742,0.281,8,0.198,-5.93,1,0.0485,163.378,4,0.36,sad
584,0.709,0.594,220750,0.348,2.12e-05,4,0.317,-8.297,1,0.0285,120.048,3,0.248,sad
585,0.701,0.559,286928,0.422,1.99e-06,11,0.0853,-11.89,1,0.195,74.002,4,0.191,sad
586,0.544,0.517,209274,0.479,0.00598,3,0.191,-7.458,1,0.0261,88.968,4,0.284,sad
587,0.0497,0.693,197733,0.467,0.452,4,0.107,-9.558,0,0.043,105.955,4,0.402,sad
588,0.768,0.581,249668,0.21,0.0,8,0.369,-10.426,1,0.0321,80.099,4,0.452,sad
589,0.338,0.362,216410,0.54,0.0,10,0.139,-6.031,1,0.0528,78.007,3,0.3,sad
590,0.349,0.511,239836,0.566,0.0,6,0.34,-7.23,0,0.2,83.903,4,0.218,sad
591,0.0946,0.538,142000,0.471,0.0185,4,0.116,-9.84,0,0.0955,93.07,4,0.307,sad
592,0.83,0.412,281381,0.236,0.00653,4,0.147,-15.159,0,0.0379,140.214,4,0.119,sad
593,0.159,0.471,208500,0.634,0.365,8,0.374,-7.406,1,0.031,132.542,4,0.366,sad
594,0.971,0.329,289560,0.277,0.024,10,0.0971,-13.111,0,0.0302,159.719,3,0.121,sad
595,0.00994,0.552,191797,0.634,0.202,1,0.0798,-8.302,0,0.0261,76.557,4,0.213,sad
596,0.608,0.768,154599,0.339,0.000956,0,0.261,-13.169,1,0.777,76.229,4,0.568,sad
597,0.128,0.216,265480,0.497,2.39e-06,10,0.111,-8.025,1,0.0371,187.308,3,0.313,sad
598,0.666,0.578,225313,0.436,1.9e-06,2,0.106,-8.202,1,0.0461,135.86,4,0.199,sad
599,0.0172,0.797,146520,0.533,0.000152,0,0.103,-9.74,0,0.0412,131.036,4,0.329,sad
600,0.0978,0.723,62216,0.801,0.827,4,0.386,-8.253,1,0.113,87.95,4,0.918,chill
601,0.369,0.424,246186,0.439,0.796,4,0.105,-15.861,0,0.0552,94.021,4,0.278,chill
602,0.221,0.844,332821,0.558,0.0304,1,0.0693,-10.005,1,0.1,116.969,4,0.818,chill
603,0.677,0.646,238787,0.564,0.869,2,0.104,-12.531,1,0.039,96.707,4,0.36,chill
604,0.823,0.588,135276,0.302,0.872,11,0.107,-25.685,1,0.0456,77.99,4,0.885,chill
605,0.213,0.551,314867,0.648,0.00029,10,0.116,-9.776,0,0.0435,118.501,4,0.551,chill
606,0.466,0.832,150745,0.754,0.842,2,0.0933,-6.638,0,0.0376,109.888,4,0.904,chill
607,0.96,0.504,207909,0.434,0.929,8,0.2,-11.532,0,0.219,73.723,1,0.157,chill
608,0.239,0.813,128286,0.571,0.765,9,0.203,-10.649,1,0.0929,104.981,4,0.521,chill
609,0.354,0.649,246787,0.562,0.333,1,0.112,-8.113,0,0.0477,72.992,4,0.34,chill
610,0.00322,0.737,131000,0.402,0.907,11,0.123,-10.818,1,0.246,74.003,4,0.799,chill
611,0.531,0.766,190769,0.461,0.89,7,0.115,-10.774,1,0.0665,156.023,4,0.792,chill
612,0.473,0.899,147000,0.553,0.882,5,0.161,-8.638,0,0.0596,140.026,4,0.718,chill
613,0.138,0.453,379630,0.681,0.53,1,0.279,-9.273,1,0.048,108.738,4,0.292,chill
614,0.763,0.54,154715,0.518,0.00577,8,0.0973,-9.475,1,0.0313,90.256,4,0.735,chill
615,0.508,0.777,158242,0.758,0.89,4,0.0966,-8.239,0,0.0478,91.006,4,0.326,chill
616,0.629,0.709,173147,0.462,0.752,8,0.2,-11.541,1,0.0369,95.367,4,0.895,chill
617,0.754,0.482,68007,0.645,0.847,11,0.102,-15.798,1,0.0376,159.287,4,0.875,chill
618,0.791,0.295,217547,0.463,0.833,11,0.0927,-11.891,1,0.0367,81.317,4,0.434,chill
619,0.168,0.673,154667,0.515,0.882,1,0.142,-9.174,0,0.0384,90.005,4,0.566,chill
620,0.807,0.598,241763,0.666,0.916,2,0.0994,-11.111,1,0.0658,122.46,4,0.417,chill
621,0.515,0.818,108504,0.394,0.903,2,0.111,-8.374,0,0.0304,102.277,4,0.77,chill
622,0.275,0.45,373387,0.624,0.576,8,0.0996,-7.746,1,0.029,103.963,4,0.199,chill
623,0.773,0.652,252016,0.414,0.000483,2,0.122,-5.754,0,0.031,88.983,4,0.219,chill
624,0.386,0.762,282062,0.554,0.272,7,0.12,-7.725,0,0.0553,97.026,4,0.39,chill
625,0.642,0.725,295636,0.445,0.805,2,0.192,-13.601,1,0.0339,127.98,4,0.74,chill
626,0.13,0.764,127179,0.668,0.658,10,0.256,-9.11,0,0.122,86.999,4,0.497,chill
627,0.00211,0.527,170337,0.876,0.566,11,0.355,-3.416,0,0.0785,179.821,4,0.303,chill
628,0.495,0.508,486755,0.591,0.943,11,0.09,-12.534,1,0.0318,157.059,4,0.571,chill
629,0.0141,0.737,148000,0.481,0.807,7,0.598,-9.544,1,0.172,86.98,4,0.39,chill
630,0.216,0.558,164546,0.749,0.00138,2,0.124,-7.483,0,0.361,175.903,4,0.791,chill
631,0.585,0.801,287228,0.427,0.0375,6,0.104,-7.923,1,0.0346,113.975,4,0.218,chill
632,0.115,0.52,188151,0.777,1.28e-05,6,0.506,-6.708,0,0.241,176.124,4,0.661,chill
633,0.134,0.741,126810,0.528,0.88,7,0.0835,-11.006,1,0.0463,90.985,4,0.461,chill
634,0.923,0.582,213000,0.244,0.917,1,0.108,-12.443,1,0.0325,69.978,4,0.157,chill
635,0.382,0.574,87076,0.705,0.855,10,0.0857,-9.865,0,0.148,76.069,4,0.268,chill
636,0.0832,0.427,382768,0.847,0.879,7,0.0512,-6.89,1,0.116,76.705,4,0.547,chill
637,0.0436,0.747,186053,0.718,0.897,10,0.109,-11.516,0,0.0429,96.026,4,0.627,chill
638,0.401,0.784,145181,0.337,0.63,5,0.143,-9.53,1,0.0442,101.015,4,0.405,chill
639,0.04,0.556,63214,0.563,0.9,0,0.245,-6.731,1,0.0523,83.9,4,0.349,chill
640,0.738,0.642,289083,0.286,0.737,1,0.105,-19.865,1,0.0389,94.998,4,0.0869,chill
641,0.258,0.6,176739,0.275,0.859,6,0.196,-12.448,1,0.0388,91.998,4,0.442,chill
642,0.663,0.577,167893,0.8,0.961,7,0.141,-12.036,1,0.0375,100.136,4,0.814,chill
643,0.287,0.876,144354,0.479,0.876,0,0.0982,-6.299,1,0.133,83.015,4,0.595,chill
644,0.0445,0.542,190786,0.483,0.0145,5,0.111,-7.96,0,0.0571,76.739,4,0.551,chill
645,0.0719,0.624,189696,0.788,0.867,1,0.134,-7.675,0,0.0392,123.011,4,0.276,chill
646,0.898,0.608,269638,0.411,0.912,3,0.154,-10.07,1,0.0344,149.979,4,0.104,chill
647,0.0633,0.638,295000,0.777,0.931,2,0.167,-8.414,1,0.034,91.005,4,0.448,chill
648,0.419,0.79,236672,0.574,0.844,1,0.0904,-10.542,1,0.0486,110.0,4,0.356,chill
649,0.748,0.719,124000,0.36,2.18e-06,6,0.0812,-12.034,1,0.398,80.184,4,0.409,chill
650,0.981,0.535,234224,0.0903,0.927,2,0.111,-22.691,1,0.0455,90.591,4,0.123,chill
651,0.843,0.427,282320,0.114,0.863,2,0.0966,-22.546,0,0.0509,60.484,4,0.114,chill
652,0.96,0.6,199467,0.192,0.946,0,0.136,-17.904,0,0.0335,97.921,4,0.126,chill
653,0.983,0.299,114000,0.184,0.861,1,0.11,-22.955,0,0.0378,179.173,3,0.274,chill
654,0.98,0.206,254000,0.0154,0.636,1,0.0662,-22.923,1,0.0426,83.68,3,0.116,chill
655,0.0424,0.564,212939,0.754,0.84,8,0.224,-8.849,1,0.0646,170.084,5,0.457,chill
656,0.711,0.502,164000,0.474,0.787,5,0.112,-11.424,0,0.0543,118.079,4,0.312,chill
657,0.00365,0.627,106867,0.791,1.05e-06,5,0.595,-6.422,0,0.127,144.06,4,0.545,chill
658,0.665,0.785,238907,0.525,0.423,6,0.114,-7.556,1,0.042,90.853,4,0.251,chill
659,0.978,0.314,77206,0.138,0.928,5,0.119,-15.863,0,0.0496,57.577,3,0.532,chill
660,0.0453,0.66,170903,0.808,0.814,2,0.348,-6.233,1,0.0576,157.049,4,0.961,chill
661,0.0814,0.944,157338,0.532,0.000341,6,0.0522,-9.645,0,0.174,134.953,4,0.707,chill
662,0.967,0.572,147097,0.267,0.94,4,0.0995,-17.263,0,0.0391,124.052,3,0.4,chill
663,0.646,0.596,184615,0.273,0.953,9,0.0809,-14.877,0,0.0292,130.051,4,0.04,chill
664,0.432,0.646,218626,0.399,0.284,5,0.124,-14.222,1,0.0295,104.985,4,0.581,chill
665,0.103,0.702,240010,0.52,0.153,7,0.115,-8.618,1,0.0546,115.07,4,0.0489,chill
666,0.945,0.752,185876,0.0625,0.819,7,0.178,-24.694,1,0.0557,114.982,4,0.462,chill
667,0.194,0.656,185000,0.567,0.844,0,0.148,-7.23,0,0.0285,143.867,4,0.653,chill
668,0.623,0.788,170710,0.431,0.539,5,0.151,-8.097,0,0.0278,96.065,4,0.719,chill
669,0.258,0.691,226168,0.67,0.764,1,0.117,-4.471,1,0.0644,170.066,4,0.22,chill
670,0.213,0.613,178437,0.554,0.875,9,0.117,-13.774,0,0.0486,112.658,4,0.488,chill
671,0.338,0.76,180373,0.522,0.854,2,0.142,-7.937,0,0.0374,89.974,4,0.68,chill
672,0.00803,0.683,114968,0.368,0.85,9,0.108,-15.821,0,0.0744,135.977,4,0.634,chill
673,0.78,0.585,250433,0.652,0.907,6,0.0653,-8.357,1,0.0358,198.448,4,0.877,chill
674,0.742,0.681,130947,0.255,0.165,7,0.105,-16.305,1,0.0479,119.952,4,0.274,chill
675,0.476,0.682,341733,0.752,0.863,2,0.0768,-9.521,1,0.0454,81.081,4,0.964,chill
676,0.325,0.775,124040,0.792,0.447,6,0.0793,-10.724,0,0.0836,191.003,4,0.979,chill
677,0.986,0.328,152000,0.0704,0.946,0,0.108,-20.147,0,0.0319,51.696,4,0.15,chill
678,0.635,0.803,153291,0.224,0.836,4,0.103,-10.284,0,0.0634,87.299,4,0.84,chill
679,0.933,0.461,117770,0.365,0.874,0,0.097,-12.204,1,0.087,143.433,4,0.332,chill
680,0.94,0.294,162187,0.168,0.848,0,0.354,-9.714,0,0.032,73.086,1,0.0386,chill
681,0.923,0.582,213000,0.244,0.917,1,0.108,-12.443,1,0.0325,69.978,4,0.157,chill
682,0.076,0.498,260333,0.73,0.0579,4,0.0712,-10.326,1,0.0388,131.019,4,0.724,chill
683,0.0534,0.482,209281,0.698,0.866,7,0.134,-6.191,0,0.0313,76.495,4,0.321,chill
684,0.552,0.831,194293,0.622,0.847,1,0.0955,-10.995,0,0.0984,99.994,4,0.908,chill
685,0.908,0.688,79216,0.302,0.871,9,0.103,-16.802,1,0.352,139.525,3,0.835,chill
686,0.993,0.451,87467,0.0223,0.768,1,0.13,-26.117,1,0.0461,79.042,3,0.0573,chill
687,0.554,0.814,171072,0.572,0.0,4,0.102,-7.09,1,0.0788,125.014,4,0.63,chill
688,0.986,0.336,146000,0.275,0.921,0,0.12,-13.325,1,0.0415,82.267,1,0.128,chill
689,0.0106,0.571,255101,0.502,0.842,0,0.611,-10.567,0,0.0334,100.211,4,0.809,chill
690,0.984,0.447,144035,0.157,0.917,6,0.0954,-17.807,1,0.0385,65.906,3,0.175,chill
691,0.721,0.753,198500,0.503,0.901,2,0.124,-13.571,0,0.0488,113.995,4,0.381,chill
692,0.00834,0.298,257867,0.327,0.86,6,0.0724,-16.515,0,0.031,175.898,4,0.454,chill
693,0.749,0.769,135256,0.315,0.849,3,0.0916,-13.46,0,0.267,85.044,4,0.448,chill
694,0.588,0.488,192811,0.558,0.936,10,0.122,-9.641,1,0.0375,110.163,4,0.0517,chill
695,0.729,0.681,247613,0.676,0.924,2,0.1,-11.41,1,0.037,94.985,4,0.452,chill
696,0.504,0.715,164327,0.183,0.873,2,0.109,-15.345,1,0.0581,130.003,4,0.456,chill
697,0.996,0.558,125520,0.0259,0.871,8,0.0969,-30.016,1,0.0458,157.811,4,0.37,chill
698,0.935,0.461,160000,0.158,0.622,4,0.138,-20.962,0,0.0372,131.98,4,0.142,chill
699,0.2,0.747,210373,0.507,0.0608,2,0.117,-10.171,1,0.0358,104.978,4,0.438,chill
700,0.199,0.561,210689,0.604,1.9e-05,9,0.104,-4.409,1,0.0337,159.92,3,0.242,chill
701,0.0426,0.613,240427,0.808,0.0159,10,0.102,-2.851,1,0.0346,124.037,4,0.38,chill
702,0.108,0.808,173750,0.538,0.0743,0,0.0555,-10.211,0,0.0608,108.026,4,0.416,chill
703,0.346,0.788,145000,0.566,0.803,1,0.164,-8.884,1,0.0486,120.008,4,0.343,chill
704,0.808,0.524,209831,0.364,0.0,7,0.1,-10.209,1,0.0367,75.24,4,0.436,chill
705,0.814,0.682,142675,0.552,0.444,2,0.194,-12.351,1,0.0461,111.898,4,0.0946,chill
706,0.872,0.845,122222,0.398,0.00713,5,0.159,-15.781,1,0.268,109.996,4,0.482,chill
707,0.213,0.683,184333,0.652,5.89e-05,10,0.395,-7.779,1,0.0544,89.987,4,0.408,chill
708,0.0487,0.769,220000,0.596,0.00803,7,0.204,-9.359,0,0.0524,105.032,4,0.259,chill
709,0.466,0.922,212096,0.12,0.792,10,0.0986,-13.978,0,0.112,116.091,4,0.453,chill
710,0.428,0.61,173411,0.554,0.000322,2,0.157,-8.301,0,0.13,106.818,4,0.231,chill
711,0.325,0.485,164571,0.409,0.0,9,0.103,-10.711,0,0.101,138.419,4,0.376,chill
712,0.148,0.7,246169,0.705,0.0343,5,0.161,-6.026,1,0.0414,99.97,4,0.521,chill
713,0.0148,0.702,174000,0.669,0.697,1,0.44,-8.011,0,0.0392,134.973,4,0.353,chill
714,0.769,0.69,154756,0.3,1.69e-06,6,0.123,-9.204,1,0.039,81.983,4,0.646,chill
715,0.802,0.706,140000,0.644,0.0264,8,0.14,-9.958,1,0.044,120.032,4,0.188,chill
716,0.312,0.653,135529,0.474,6.65e-06,5,0.119,-10.899,0,0.103,85.024,4,0.361,chill
717,0.55,0.292,218291,0.338,0.546,6,0.185,-14.421,0,0.0424,119.924,4,0.035,chill
718,0.628,0.646,127914,0.408,0.731,8,0.21,-10.581,0,0.26,184.029,4,0.221,chill
719,0.17,0.87,198332,0.72,0.0908,11,0.0686,-7.679,1,0.0413,92.006,4,0.832,chill
720,0.363,0.718,206549,0.682,0.000387,11,0.0868,-8.53,1,0.0481,110.01,4,0.315,chill
721,0.422,0.658,278180,0.294,5.2e-05,4,0.0749,-8.533,0,0.0321,74.038,4,0.358,chill
722,0.665,0.785,238907,0.525,0.423,6,0.114,-7.556,1,0.042,90.853,4,0.251,chill
723,0.764,0.563,158287,0.537,0.000193,6,0.203,-8.127,1,0.145,115.986,4,0.0907,chill
724,0.512,0.451,192000,0.422,0.162,3,0.139,-8.477,0,0.0433,119.998,4,0.119,chill
725,0.416,0.686,213975,0.472,0.0908,0,0.0971,-8.638,0,0.0897,100.106,3,0.0832,chill
726,0.823,0.678,59836,0.339,0.921,10,0.167,-11.187,0,0.0934,74.009,3,0.478,chill
727,0.103,0.702,240010,0.52,0.153,7,0.115,-8.618,1,0.0546,115.07,4,0.0489,chill
728,0.583,0.737,151795,0.476,0.0049,0,0.172,-15.889,1,0.0378,117.076,4,0.309,chill
729,0.42,0.693,235507,0.547,0.141,11,0.102,-9.02,0,0.041,77.968,4,0.774,chill
730,0.463,0.898,182750,0.564,0.00553,9,0.113,-9.207,1,0.121,117.992,4,0.435,chill
731,0.618,0.823,174213,0.631,0.768,10,0.364,-11.148,0,0.0568,95.015,4,0.901,chill
732,0.285,0.744,145161,0.691,0.000832,9,0.0617,-7.789,1,0.0366,124.029,4,0.458,chill
733,0.348,0.497,155217,0.546,0.00146,1,0.173,-10.845,0,0.057,114.738,4,0.102,chill
734,0.597,0.615,129200,0.373,0.00312,2,0.224,-10.173,1,0.0278,74.986,4,0.337,chill
735,0.127,0.588,230400,0.473,0.0616,7,0.0895,-13.409,0,0.0613,100.032,4,0.183,chill
736,0.108,0.862,206947,0.314,0.156,3,0.0878,-8.269,0,0.0369,114.472,4,0.502,chill
737,0.628,0.463,231268,0.427,0.000565,8,0.0911,-9.799,0,0.0549,116.059,4,0.231,chill
738,0.117,0.567,194157,0.593,1.32e-06,6,0.248,-7.404,0,0.288,88.545,4,0.358,chill
739,0.33,0.736,219080,0.449,0.000162,1,0.0898,-11.462,0,0.425,80.126,4,0.326,chill
740,0.595,0.772,273162,0.745,0.87,11,0.117,-10.194,1,0.0405,116.014,4,0.166,chill
741,0.788,0.757,181623,0.393,0.000986,5,0.0501,-7.942,1,0.212,77.985,4,0.715,chill
742,0.528,0.757,220645,0.405,0.126,10,0.1,-13.709,1,0.117,124.014,4,0.0537,chill
743,0.259,0.668,212353,0.683,3.76e-05,9,0.31,-5.936,0,0.154,102.027,4,0.324,chill
744,0.123,0.662,145500,0.649,0.403,2,0.0971,-9.333,1,0.0467,119.942,4,0.184,chill
745,0.153,0.634,161512,0.516,0.665,6,0.243,-8.174,0,0.0452,82.967,4,0.502,chill
746,0.162,0.644,125347,0.632,0.342,2,0.132,-5.927,0,0.0376,114.986,4,0.219,chill
747,0.579,0.746,171578,0.747,0.000197,11,0.124,-8.217,0,0.0353,113.932,4,0.668,chill
748,0.57,0.495,108617,0.507,0.915,11,0.294,-10.704,0,0.0403,159.144,4,0.448,chill
749,0.439,0.467,201187,0.538,0.928,0,0.1,-7.049,1,0.0266,75.004,4,0.127,chill
750,0.966,0.382,181164,0.161,0.899,4,0.0992,-15.906,1,0.035,115.931,4,0.15,chill
751,0.878,0.441,298000,0.196,0.91,0,0.0889,-12.913,1,0.0348,120.086,4,0.0778,chill
752,0.993,0.63,116314,0.205,0.92,2,0.0771,-11.775,1,0.0488,123.951,4,0.112,chill
753,0.996,0.706,111648,0.0319,0.974,4,0.103,-26.074,1,0.0848,99.276,5,0.787,chill
754,0.905,0.0823,1020000,0.0365,0.858,11,0.107,-26.937,1,0.0402,172.637,1,0.0667,chill
755,0.986,0.277,127286,0.0554,0.956,0,0.0967,-23.155,1,0.0352,69.921,4,0.0547,chill
756,0.977,0.413,200688,0.167,0.915,10,0.111,-18.089,1,0.0333,74.449,4,0.147,chill
757,0.959,0.489,409445,0.235,0.945,9,0.105,-16.498,1,0.0427,129.954,4,0.0951,chill
758,0.949,0.218,244953,0.0324,0.92,0,0.094,-14.5,1,0.0421,73.59,4,0.101,chill
759,0.995,0.441,159962,0.0253,0.944,7,0.137,-23.574,1,0.0447,113.418,4,0.255,chill
760,0.814,0.26,292227,0.272,0.955,8,0.111,-13.117,1,0.0328,72.848,4,0.0382,chill
761,0.949,0.17,191367,0.209,0.944,0,0.116,-15.447,1,0.0381,126.94,4,0.254,chill
762,0.807,0.639,348750,0.325,0.96,2,0.0683,-11.489,1,0.03,127.985,4,0.0909,chill
763,0.993,0.647,189422,0.12,0.88,8,0.086,-18.371,1,0.0596,90.037,4,0.118,chill
764,0.993,0.635,244853,0.052,0.935,2,0.105,-29.152,1,0.0681,136.01,4,0.344,chill
765,0.993,0.574,208125,0.0265,0.955,7,0.112,-31.481,1,0.0414,159.983,3,0.153,chill
766,0.925,0.392,131855,0.293,0.946,10,0.0935,-16.867,1,0.0264,93.033,3,0.0824,chill
767,0.992,0.464,123529,0.0229,0.901,0,0.169,-32.838,1,0.0369,135.86,4,0.116,chill
768,0.984,0.533,106909,0.0407,0.847,2,0.0808,-26.07,1,0.0349,109.996,4,0.214,chill
769,0.992,0.388,425923,0.21,0.927,10,0.11,-16.065,1,0.0604,132.189,4,0.0377,chill
770,0.99,0.361,150950,0.0376,0.949,10,0.0999,-23.394,1,0.0466,121.239,4,0.184,chill
771,0.581,0.529,262107,0.567,0.898,4,0.102,-11.174,1,0.0266,140.01,4,0.207,chill
772,0.991,0.6,97391,0.0232,0.931,0,0.0913,-25.281,1,0.0449,137.978,4,0.202,chill
773,0.928,0.573,291411,0.353,0.878,9,0.071,-16.549,1,0.0295,127.988,4,0.149,chill
774,0.936,0.397,278000,0.09,0.942,0,0.381,-21.567,1,0.0315,74.004,4,0.145,chill
775,0.993,0.585,226120,0.0163,0.95,2,0.107,-30.18,1,0.0754,134.002,4,0.417,chill
776,0.987,0.4,165065,0.107,0.896,5,0.162,-15.343,0,0.0342,86.54,3,0.261,chill
777,0.993,0.541,138857,0.119,0.943,9,0.0795,-21.037,1,0.0335,139.96,3,0.198,chill
778,0.958,0.372,116143,0.13,0.892,9,0.074,-20.197,1,0.0363,140.082,3,0.173,chill
779,0.734,0.421,209947,0.295,0.000887,2,0.0929,-15.334,1,0.0377,92.005,4,0.115,chill
780,0.995,0.408,137967,0.0254,0.944,9,0.0911,-23.135,1,0.0461,118.359,4,0.209,chill
781,0.995,0.381,98182,0.0247,0.935,3,0.111,-30.577,1,0.0545,63.675,4,0.111,chill
782,0.991,0.461,204754,0.01,0.894,0,0.0956,-31.126,1,0.0468,124.364,4,0.213,chill
783,0.953,0.568,264923,0.177,0.882,7,0.134,-16.151,1,0.0369,129.992,3,0.0574,chill
784,0.992,0.614,358253,0.0339,0.936,2,0.109,-21.729,1,0.0454,123.069,4,0.129,chill
785,0.996,0.28,54600,0.0633,0.961,4,0.0947,-26.614,1,0.172,199.662,4,0.237,chill
786,0.244,0.665,169096,0.461,1.48e-05,1,0.107,-9.745,0,0.0279,138.114,4,0.462,chill
787,0.994,0.656,107661,0.0335,0.898,11,0.0936,-28.943,0,0.0556,82.656,4,0.488,chill
788,0.994,0.274,240000,0.0308,0.914,0,0.115,-29.898,1,0.0372,63.352,4,0.217,chill
789,0.985,0.687,175082,0.128,0.955,4,0.111,-21.959,1,0.0654,122.029,4,0.23,chill
790,0.939,0.101,177520,0.0432,0.905,0,0.067,-22.153,1,0.0345,67.347,4,0.0369,chill
791,0.989,0.476,156984,0.0296,0.939,1,0.115,-23.938,1,0.054,59.977,4,0.168,chill
792,0.817,0.714,65109,0.433,0.843,3,0.157,-9.01,1,0.0546,120.768,5,0.039,chill
793,0.983,0.181,101739,0.0566,0.953,11,0.0956,-23.755,1,0.0332,79.311,1,0.0629,chill
794,0.956,0.0657,1020000,0.0444,0.793,7,0.114,-25.374,1,0.0426,70.076,3,0.038,chill
795,0.993,0.294,158189,0.00678,0.926,6,0.0789,-30.955,1,0.0386,66.371,4,0.177,chill
796,0.984,0.587,219706,0.046,0.941,10,0.0951,-27.34,1,0.0594,136.055,4,0.126,chill
797,0.223,0.387,209053,0.255,0.913,11,0.109,-10.666,1,0.0303,136.047,3,0.105,chill
798,0.816,0.436,177749,0.574,0.967,3,0.11,-11.934,0,0.0479,162.54,4,0.546,chill
799,0.919,0.347,177231,0.235,0.887,10,0.0862,-14.864,1,0.0293,129.914,4,0.12,chill
800,0.0286,0.552,69565,0.715,0.702,2,0.0669,-9.291,1,0.0524,113.861,4,0.858,chill
801,0.918,0.316,84702,0.318,0.861,0,0.119,-13.164,1,0.0339,147.275,4,0.135,chill
802,0.677,0.51,93457,0.305,0.983,9,0.368,-12.942,1,0.0567,109.245,4,0.139,chill
803,0.78,0.585,250433,0.652,0.907,6,0.0653,-8.357,1,0.0358,198.448,4,0.877,chill
804,0.119,0.577,143710,0.293,0.927,5,0.105,-18.563,0,0.0403,108.816,4,0.461,chill
805,0.792,0.707,134328,0.362,1.05e-05,10,0.211,-5.022,1,0.0312,67.104,4,0.289,chill
806,0.18,0.695,130800,0.402,0.935,6,0.354,-9.456,1,0.0624,185.208,4,0.945,chill
807,0.253,0.771,89901,0.479,0.976,10,0.13,-13.409,0,0.051,112.935,4,0.0758,chill
808,0.0711,0.529,277711,0.641,0.76,2,0.102,-6.78,1,0.0336,141.931,4,0.089,chill
809,0.978,0.339,128000,0.242,0.871,7,0.104,-20.446,0,0.0383,87.053,3,0.711,chill
810,0.937,0.503,201081,0.418,0.929,7,0.0934,-12.065,1,0.0313,147.955,4,0.182,chill
811,0.0384,0.59,61370,0.717,0.924,8,0.187,-6.135,0,0.0253,105.763,4,0.609,chill
812,0.205,0.657,148010,0.555,0.961,2,0.157,-15.33,1,0.0376,132.99,4,0.0519,chill
813,0.958,0.138,135418,0.0372,0.928,4,0.111,-31.301,0,0.0349,142.242,3,0.0945,chill
814,0.0624,0.781,67720,0.396,0.876,10,0.103,-8.975,0,0.0871,137.271,4,0.334,chill
815,0.957,0.0922,356990,0.156,0.905,9,0.206,-25.616,0,0.0318,84.569,3,0.0736,chill
816,0.929,0.18,117073,0.178,0.933,7,0.105,-25.38,0,0.036,81.701,4,0.117,chill
817,0.351,0.199,162731,0.487,0.966,7,0.071,-10.607,0,0.0401,216.542,3,0.628,chill
818,0.101,0.797,159057,0.481,6.94e-06,6,0.196,-8.435,1,0.167,90.188,4,0.574,chill
819,0.315,0.791,310747,0.599,0.928,3,0.111,-13.648,1,0.145,93.988,4,0.57,chill
820,0.754,0.523,310000,0.456,0.915,4,0.0966,-13.393,0,0.0623,167.999,4,0.542,chill
821,0.977,0.202,187069,0.0335,0.97,4,0.131,-28.549,0,0.0397,66.03,4,0.0954,chill
822,0.00803,0.683,114968,0.368,0.85,9,0.108,-15.821,0,0.0744,135.977,4,0.634,chill
823,0.914,0.22,168000,0.402,0.622,6,0.333,-13.066,1,0.0387,142.815,3,0.29,chill
824,0.961,0.224,130693,0.146,0.712,9,0.113,-16.331,0,0.0338,94.255,3,0.142,chill
825,0.164,0.678,152853,0.511,0.918,10,0.1,-14.506,0,0.0398,113.048,4,0.109,chill
826,0.979,0.194,224571,0.121,0.931,6,0.0902,-31.274,0,0.0504,70.103,4,0.0886,chill
827,0.985,0.364,280750,0.16,0.9,1,0.0927,-18.839,0,0.045,60.618,4,0.0657,chill
828,0.479,0.603,157206,0.204,0.0714,7,0.642,-12.727,0,0.112,74.688,5,0.71,chill
829,0.945,0.0,93000,0.0284,0.833,5,0.112,-29.914,1,0.0,0.0,0,0.0,chill
830,0.915,0.193,98560,0.171,0.942,1,0.119,-18.494,1,0.0368,84.067,4,0.105,chill
831,0.054,0.23,119387,0.772,0.000138,1,0.644,-6.349,1,0.342,173.377,5,0.589,chill
832,0.565,0.725,162102,0.521,0.275,9,0.178,-10.248,0,0.136,114.038,4,0.403,chill
833,0.743,0.111,123115,0.0292,0.889,1,0.106,-29.892,0,0.0416,153.601,4,0.186,chill
834,0.894,0.486,170791,0.313,0.948,7,0.167,-14.323,1,0.0252,102.605,4,0.199,chill
835,0.0207,0.776,203326,0.661,0.823,8,0.0962,-9.7,0,0.313,153.804,4,0.645,chill
836,0.976,0.476,98040,0.192,0.928,9,0.119,-15.753,1,0.064,116.542,3,0.114,chill
837,0.985,0.265,154500,0.146,0.893,8,0.104,-21.134,0,0.0323,172.13,5,0.416,chill
838,0.979,0.33,189515,0.0275,0.928,2,0.0868,-30.651,1,0.0434,138.099,4,0.0641,chill
839,0.849,0.249,181175,0.235,0.949,6,0.201,-11.519,0,0.0277,99.327,4,0.0416,chill
840,0.751,0.628,125109,0.248,0.186,10,0.107,-16.317,1,0.105,80.849,4,0.161,chill
841,0.447,0.606,209577,0.855,0.889,1,0.082,-8.923,1,0.0383,142.026,3,0.422,chill
842,0.907,0.53,205714,0.383,0.914,3,0.111,-13.453,1,0.0319,112.041,4,0.154,chill
843,0.665,0.785,238907,0.525,0.423,6,0.114,-7.556,1,0.042,90.853,4,0.251,chill
844,0.957,0.683,189681,0.349,0.806,8,0.0755,-12.014,1,0.035,139.84,3,0.555,chill
845,0.268,0.636,210447,0.626,0.595,11,0.112,-11.472,1,0.0527,119.005,4,0.524,chill
846,0.22,0.253,83047,0.674,0.734,3,0.0986,-6.929,0,0.0331,81.871,4,0.436,chill
847,0.567,0.254,192467,0.184,0.0291,5,0.0951,-13.424,1,0.0357,183.726,4,0.276,chill
848,0.964,0.548,170027,0.0956,0.905,5,0.0933,-14.196,1,0.0468,129.933,4,0.22,chill
849,0.894,0.486,170791,0.313,0.948,7,0.167,-14.323,1,0.0252,102.605,4,0.199,chill
850,0.914,0.22,168000,0.402,0.622,6,0.333,-13.066,1,0.0387,142.815,3,0.29,chill
851,0.728,0.413,92589,0.282,0.866,7,0.105,-17.318,1,0.0506,194.34,4,0.248,chill
852,0.508,0.642,158118,0.334,0.895,3,0.107,-9.088,1,0.0507,84.973,4,0.245,chill
853,0.849,0.466,175385,0.385,0.871,1,0.11,-13.537,1,0.0314,156.101,4,0.338,chill
854,0.718,0.675,141000,0.205,0.903,0,0.112,-16.858,1,0.0554,140.057,4,0.0551,chill
855,0.708,0.781,209317,0.25,0.91,9,0.375,-9.702,0,0.0297,103.478,4,0.454,chill
856,0.604,0.767,131333,0.335,0.916,7,0.112,-12.528,1,0.0494,75.005,4,0.248,chill
857,0.0631,0.697,181149,0.655,0.777,1,0.353,-9.781,0,0.15,86.969,4,0.415,chill
858,0.632,0.896,149375,0.506,0.929,2,0.115,-11.92,1,0.163,140.034,4,0.705,chill
859,0.0453,0.66,170903,0.808,0.814,2,0.348,-6.233,1,0.0576,157.049,4,0.961,chill
860,0.82,0.811,124875,0.538,0.918,1,0.114,-9.875,0,0.159,80.058,4,0.794,chill
861,0.135,0.876,120000,0.416,0.855,6,0.121,-9.173,1,0.0976,90.999,4,0.785,chill
862,0.238,0.401,189000,0.592,0.0453,6,0.195,-8.897,0,0.0383,134.968,4,0.379,chill
863,0.932,0.397,150661,0.0521,0.874,9,0.229,-29.745,1,0.0313,77.982,4,0.101,chill
864,0.966,0.619,164000,0.325,0.936,6,0.108,-16.335,1,0.0371,149.794,4,0.591,chill
865,0.814,0.223,214588,0.417,0.93,8,0.12,-21.095,0,0.0468,135.402,4,0.389,chill
866,0.621,0.332,98622,0.222,0.76,7,0.109,-30.108,0,0.0394,107.067,4,0.0336,chill
867,0.923,0.582,213000,0.244,0.917,1,0.108,-12.443,1,0.0325,69.978,4,0.157,chill
868,0.841,0.652,318170,0.457,0.913,1,0.157,-13.775,1,0.0294,113.974,3,0.0733,chill
869,0.918,0.316,84702,0.318,0.861,0,0.119,-13.164,1,0.0339,147.275,4,0.135,chill
870,0.961,0.224,130693,0.146,0.712,9,0.113,-16.331,0,0.0338,94.255,3,0.142,chill
871,0.0424,0.564,212939,0.754,0.84,8,0.224,-8.849,1,0.0646,170.084,5,0.457,chill
872,0.594,0.78,138750,0.319,0.92,11,0.0943,-13.503,0,0.0865,160.055,4,0.525,chill
873,0.78,0.585,250433,0.652,0.907,6,0.0653,-8.357,1,0.0358,198.448,4,0.877,chill
874,0.881,0.871,142667,0.374,0.912,2,0.114,-13.797,1,0.0951,134.962,4,0.557,chill
875,0.528,0.712,57877,0.311,0.761,0,0.0812,-16.776,0,0.0535,139.959,4,0.242,chill
876,0.991,0.231,203800,0.0297,0.878,2,0.0742,-31.544,1,0.0579,131.413,4,0.07,chill
877,0.229,0.326,357709,0.454,0.888,9,0.117,-9.482,0,0.0471,150.236,4,0.179,chill
878,0.312,0.663,295309,0.578,0.906,2,0.109,-9.079,1,0.0687,86.986,4,0.553,chill
879,0.943,0.448,99146,0.105,0.929,4,0.085,-26.191,0,0.0306,82.088,4,0.0483,chill
880,0.962,0.549,368539,0.254,0.931,10,0.0994,-14.48,1,0.0416,81.484,3,0.541,chill
881,0.38,0.795,115599,0.168,0.946,8,0.104,-10.124,1,0.118,80.049,4,0.53,chill
882,0.989,0.486,203912,0.0619,0.895,8,0.111,-19.543,1,0.0375,170.278,3,0.273,chill
883,0.9,0.344,225573,0.333,0.422,0,0.118,-13.945,0,0.0294,70.225,4,0.175,chill
884,0.978,0.357,131205,0.101,0.909,4,0.106,-22.978,1,0.0368,130.034,3,0.479,chill
885,0.0493,0.637,125818,0.698,0.885,4,0.154,-8.741,1,0.0526,79.982,4,0.636,chill
886,0.754,0.523,310000,0.456,0.915,4,0.0966,-13.393,0,0.0623,167.999,4,0.542,chill
887,0.976,0.476,98040,0.192,0.928,9,0.119,-15.753,1,0.064,116.542,3,0.114,chill
888,0.91,0.838,114943,0.321,0.889,4,0.111,-16.147,1,0.0748,142.054,4,0.816,chill
889,0.984,0.34,137547,0.138,0.846,2,0.112,-24.95,0,0.0357,128.563,4,0.325,chill
890,0.979,0.347,164547,0.299,0.93,3,0.178,-14.462,1,0.0401,86.15,4,0.556,chill
891,0.0249,0.259,156307,0.583,0.978,2,0.328,-9.489,1,0.0418,111.153,4,0.24,chill
892,0.929,0.466,124066,0.0918,0.803,10,0.439,-26.813,1,0.0269,95.014,4,0.0841,chill
893,0.0399,0.767,238183,0.547,0.485,7,0.0949,-11.458,0,0.0474,103.03,4,0.66,chill
894,0.884,0.153,175753,0.162,0.943,10,0.111,-19.61,1,0.0429,68.734,3,0.0584,chill
895,0.99,0.356,174521,0.00558,0.934,11,0.0991,-27.72,1,0.0417,70.012,4,0.122,chill
896,0.0201,0.553,117341,0.613,0.854,11,0.111,-7.956,0,0.0694,180.02,4,0.0506,chill
897,0.499,0.701,151507,0.341,0.903,1,0.359,-12.26,0,0.0418,105.513,3,0.163,chill
898,0.544,0.9,111429,0.703,0.0817,0,0.263,-5.615,1,0.117,111.976,4,0.81,energetic
899,0.261,0.835,254125,0.655,0.776,7,0.185,-9.309,0,0.0838,114.963,4,0.193,energetic
900,0.0367,0.694,182040,0.874,0.0963,5,0.955,-5.988,0,0.0413,130.007,4,0.877,energetic
901,0.0464,0.872,263036,0.454,0.825,11,0.093,-11.462,1,0.0541,118.022,4,0.0877,energetic
902,0.25,0.641,272933,0.764,0.00173,5,0.0687,-6.862,0,0.0349,124.054,4,0.786,energetic
903,0.0421,0.777,232625,0.737,0.379,11,0.0265,-5.86,0,0.0351,123.993,4,0.891,energetic
904,0.015,0.781,263213,0.813,0.844,11,0.128,-8.164,0,0.0914,119.995,4,0.728,energetic
905,0.0584,0.529,410178,0.64,0.845,5,0.163,-13.555,0,0.0518,154.967,3,0.716,energetic
906,0.382,0.574,87076,0.705,0.855,10,0.0857,-9.865,0,0.148,76.069,4,0.268,energetic
907,0.199,0.686,100707,0.554,0.807,10,0.115,-10.212,0,0.0435,98.006,4,0.0504,energetic
908,0.263,0.501,189344,0.797,0.893,0,0.144,-9.107,1,0.0931,114.589,4,0.674,energetic
909,0.324,0.731,190080,0.8,0.00577,10,0.112,-7.397,0,0.0399,124.962,4,0.749,energetic
910,0.0395,0.713,202137,0.456,0.387,5,0.105,-11.694,0,0.119,123.97,4,0.457,energetic
911,0.0847,0.881,115041,0.703,0.502,10,0.137,-8.145,0,0.0718,121.088,4,0.587,energetic
912,0.201,0.792,270107,0.619,0.0108,6,0.0979,-6.718,0,0.0516,123.049,4,0.386,energetic
913,0.0483,0.772,175250,0.896,0.61,10,0.55,-3.647,0,0.27,115.053,4,0.829,energetic
914,0.0162,0.664,215000,0.696,0.553,2,0.109,-6.038,1,0.0486,126.064,4,0.49,energetic
915,0.0126,0.675,329280,0.92,0.117,0,0.329,-7.153,0,0.0539,132.001,4,0.842,energetic
916,0.291,0.642,191253,0.918,0.199,2,0.166,-6.891,1,0.03,119.995,4,0.937,energetic
917,0.0278,0.655,196800,0.798,0.427,6,0.116,-9.038,1,0.116,100.009,4,0.326,energetic
918,0.0191,0.798,136787,0.866,0.415,1,0.703,-4.532,1,0.153,119.546,4,0.513,energetic
919,0.117,0.881,193613,0.626,0.0725,8,0.126,-7.033,0,0.0479,119.009,4,0.524,energetic
920,0.191,0.71,196853,0.665,0.0111,6,0.1,-7.103,0,0.0362,127.997,4,0.487,energetic
921,0.0263,0.678,138951,0.675,0.625,0,0.128,-7.544,0,0.0308,124.003,4,0.663,energetic
922,0.115,0.719,162000,0.688,0.0134,9,0.18,-7.487,1,0.389,109.946,4,0.717,energetic
923,0.00564,0.607,368723,0.933,0.292,1,0.115,-5.135,1,0.0548,111.006,4,0.489,energetic
924,0.0261,0.731,194286,0.903,0.638,6,0.439,-5.834,0,0.0644,126.004,4,0.608,energetic
925,0.156,0.803,202143,0.561,0.839,6,0.11,-10.055,0,0.203,126.005,4,0.258,energetic
926,0.111,0.76,342293,0.68,0.903,2,0.0855,-7.266,1,0.173,126.028,4,0.202,energetic
927,0.0965,0.792,292041,0.887,0.934,6,0.0895,-7.859,0,0.0541,118.566,4,0.76,energetic
928,0.00108,0.843,144393,0.661,0.623,1,0.0847,-7.267,0,0.0669,128.952,4,0.891,energetic
929,0.0377,0.861,185601,0.808,0.126,6,0.135,-5.955,0,0.319,124.959,4,0.514,energetic
930,0.00156,0.711,320374,0.72,2.86e-05,5,0.0585,-7.942,0,0.0401,117.549,4,0.966,energetic
931,0.0229,0.76,245000,0.891,0.0869,11,0.298,-5.852,0,0.0372,120.264,4,0.966,energetic
932,0.0284,0.906,158000,0.757,0.00021,7,0.0625,-3.521,1,0.184,130.048,4,0.743,energetic
933,0.0108,0.643,265298,0.78,0.00069,10,0.305,-8.306,0,0.0718,136.891,4,0.963,energetic
934,0.00125,0.63,428048,0.597,0.771,7,0.112,-9.92,0,0.0493,110.284,4,0.949,energetic
935,0.512,0.876,143196,0.592,0.04,10,0.105,-6.079,0,0.0631,132.048,4,0.884,energetic
936,0.0716,0.82,233798,0.959,0.0232,3,0.303,-7.028,0,0.14,135.017,4,0.952,energetic
937,0.282,0.731,207130,0.665,4.67e-06,7,0.11,-6.748,1,0.138,115.015,4,0.476,energetic
938,0.211,0.729,169927,0.907,0.924,11,0.11,-4.986,0,0.0565,137.009,4,0.887,energetic
939,0.222,0.779,190729,0.604,0.0067,0,0.0521,-9.348,1,0.123,113.999,4,0.593,energetic
940,0.0133,0.906,94144,0.833,0.812,1,0.145,-3.361,1,0.304,129.974,4,0.623,energetic
941,0.00695,0.715,198020,0.833,0.476,10,0.058,-4.543,0,0.039,128.988,4,0.639,energetic
942,0.0736,0.769,185821,0.838,0.414,6,0.683,-8.104,0,0.0939,134.021,4,0.387,energetic
943,0.303,0.838,213382,0.706,0.863,7,0.0712,-7.626,0,0.067,118.017,4,0.776,energetic
944,0.202,0.901,214109,0.603,0.544,11,0.0914,-8.427,0,0.208,126.009,4,0.714,energetic
945,0.033,0.791,154219,0.786,0.00953,2,0.373,-6.823,1,0.112,128.024,4,0.517,energetic
946,0.119,0.764,191667,0.781,0.0857,0,0.0791,-6.3,1,0.0561,126.01,4,0.874,energetic
947,0.297,0.706,197895,0.541,0.00612,8,0.253,-8.089,0,0.0531,114.009,4,0.529,energetic
948,0.0594,0.506,192947,0.745,0.0,1,0.341,-6.044,1,0.331,161.808,4,0.31,energetic
949,0.148,0.633,193702,0.793,0.0,5,0.867,-6.847,0,0.182,109.093,4,0.761,energetic
950,0.0784,0.674,133829,0.759,0.472,11,0.296,-8.234,0,0.0695,134.038,4,0.109,energetic
951,0.146,0.957,142560,0.785,1.17e-06,1,0.0361,-5.832,1,0.232,103.025,4,0.886,energetic
952,0.00588,0.711,252262,0.611,0.0,1,0.23,-5.453,1,0.33,134.093,4,0.144,energetic
953,0.00205,0.638,263787,0.924,0.000175,7,0.149,-3.887,1,0.036,111.995,4,0.53,energetic
954,0.0392,0.761,169147,0.586,0.0,0,0.0558,-5.368,1,0.359,149.804,4,0.719,energetic
955,0.0248,0.83,190373,0.695,0.0755,6,0.0573,-9.445,0,0.0716,112.046,4,0.536,energetic
956,0.0942,0.782,227556,0.476,2.2e-05,1,0.162,-10.972,1,0.239,135.024,4,0.27,energetic
957,0.103,0.727,235213,0.974,0.000532,4,0.174,-2.261,0,0.0664,79.526,4,0.965,energetic
958,0.0595,0.743,194184,0.87,0.0,1,0.299,-2.188,1,0.212,99.079,4,0.884,energetic
959,0.173,0.821,159401,0.575,0.000242,5,0.114,-6.57,0,0.0589,136.962,4,0.611,energetic
960,0.061,0.74,135581,0.688,0.0,5,0.138,-4.361,0,0.0916,115.035,4,0.935,energetic
961,0.00383,0.689,126465,0.858,0.0,4,0.129,-2.868,1,0.161,153.977,4,0.643,energetic
962,0.0232,0.815,133707,0.85,0.000143,4,0.0245,-4.704,0,0.113,106.036,4,0.694,energetic
963,0.0387,0.858,154906,0.729,0.0,1,0.315,-7.344,1,0.216,125.998,4,0.327,energetic
964,0.51,0.807,108987,0.721,0.00216,4,0.115,-6.211,0,0.0508,134.014,4,0.532,energetic
965,0.000315,0.704,216200,0.81,0.0,4,0.216,-4.874,0,0.0425,102.98,4,0.726,energetic
966,0.0341,0.834,267080,0.669,7.18e-05,6,0.0535,-5.582,0,0.0637,122.669,4,0.547,energetic
967,0.371,0.884,174213,0.653,0.00135,11,0.812,-7.653,0,0.0586,108.548,4,0.766,energetic
968,0.0125,0.727,166720,0.832,9.96e-06,1,0.116,-5.153,0,0.0495,111.988,4,0.813,energetic
969,0.0387,0.545,209386,0.968,0.00325,9,0.331,-3.553,0,0.0853,169.965,4,0.527,energetic
970,0.0026,0.943,138411,0.558,2.19e-06,2,0.0937,-4.911,1,0.0568,104.983,4,0.606,energetic
971,0.0455,0.766,124494,0.8,0.0,4,0.672,-7.676,1,0.321,111.126,4,0.806,energetic
972,0.0539,0.549,206267,0.725,3.52e-05,1,0.148,-7.239,1,0.397,108.822,4,0.547,energetic
973,0.131,0.699,175459,0.776,5.36e-06,0,0.205,-5.282,1,0.0293,103.963,4,0.708,energetic
974,0.374,0.747,215760,0.833,0.0,3,0.0586,-2.867,0,0.045,128.008,4,0.687,energetic
975,0.708,0.593,230632,0.753,0.0,4,0.36,-9.422,0,0.918,114.774,4,0.483,energetic
976,0.0215,0.91,130805,0.597,0.0,11,0.175,-4.783,0,0.156,90.035,4,0.759,energetic
977,0.21,0.75,209971,0.829,0.0,1,0.279,-4.942,1,0.0915,115.894,4,0.87,energetic
978,0.00847,0.56,218013,0.936,0.0,3,0.161,-5.835,1,0.0439,112.96,4,0.371,energetic
979,0.001,0.638,132359,0.717,1.79e-06,8,0.113,-5.804,1,0.0375,141.904,4,0.422,energetic
980,0.285,0.784,233537,0.762,0.0,2,0.626,-6.677,0,0.481,117.987,4,0.598,energetic
981,0.0466,0.742,221176,0.882,0.0,7,0.206,-2.862,1,0.117,102.04,4,0.463,energetic
982,0.164,0.574,229938,0.567,0.0,7,0.258,-7.126,0,0.465,75.965,4,0.526,energetic
983,0.00454,0.638,185947,0.523,0.0,1,0.0842,-6.664,1,0.357,139.913,4,0.422,energetic
984,0.0736,0.791,185553,0.694,1.75e-06,6,0.0958,-4.332,0,0.0335,123.508,4,0.826,energetic
985,0.252,0.696,131013,0.809,0.000128,5,0.248,-8.254,1,0.05,132.962,4,0.857,energetic
986,0.0548,0.668,163107,0.597,0.0,9,0.527,-7.461,0,0.259,102.876,4,0.637,energetic
987,0.25,0.779,116643,0.68,0.0843,8,0.37,-4.826,0,0.0764,127.974,4,0.848,energetic
988,0.0164,0.638,164572,0.771,0.0,0,0.306,-4.997,1,0.0674,143.161,4,0.554,energetic
989,0.132,0.694,201122,0.712,0.0,7,0.211,-3.923,0,0.046,98.023,4,0.799,energetic
990,0.0573,0.808,242293,0.97,6.17e-05,10,0.154,-6.098,0,0.0504,114.328,4,0.868,energetic
991,0.475,0.824,227253,0.567,0.0028,6,0.137,-8.931,1,0.109,108.993,4,0.522,energetic
992,9.04e-05,0.497,197200,0.97,0.000674,10,0.101,-4.851,0,0.0836,138.081,4,0.689,energetic
993,0.274,0.563,192382,0.815,0.0019,1,0.287,-5.944,1,0.346,127.313,3,0.523,energetic
994,0.00301,0.471,177280,0.924,0.0,8,0.313,-3.906,1,0.0584,154.962,4,0.716,energetic
995,0.0036,0.744,185918,0.789,0.00144,9,0.0947,-4.876,0,0.059,116.985,4,0.866,energetic
996,0.0124,0.557,213507,0.803,1.61e-06,1,0.737,-3.599,0,0.213,92.134,4,0.657,energetic
997,0.581,0.806,353453,0.93,1.34e-06,7,0.38,-3.595,1,0.0743,118.986,4,0.96,energetic
998,0.125,0.804,151740,0.957,0.0174,0,0.114,-5.452,1,0.034,126.035,4,0.962,energetic
999,0.475,0.882,104419,0.645,4.13e-05,1,0.057,-7.233,1,0.0601,114.933,4,0.788,energetic
1000,0.128,0.733,155757,0.786,0.0,5,0.31,-3.951,0,0.112,109.954,4,0.672,energetic
1001,0.00434,0.894,136627,0.725,1.15e-05,10,0.0815,-4.984,0,0.0432,116.988,4,0.838,energetic
1002,0.000938,0.599,142515,0.946,0.0106,11,0.0826,-4.263,1,0.0447,151.647,4,0.747,energetic
1003,0.0187,0.742,184841,0.757,0.0,6,0.305,-4.981,1,0.0421,139.982,4,0.957,energetic
1004,0.549,0.739,129883,0.904,1.03e-05,5,0.0948,-2.655,0,0.0442,167.033,4,0.788,energetic
1005,0.0638,0.875,213364,0.518,0.00995,2,0.125,-8.388,1,0.0551,126.089,4,0.37,energetic
1006,0.0412,0.574,301623,0.659,0.0002,5,0.0921,-7.377,0,0.0768,127.347,4,0.506,energetic
1007,0.0973,0.852,155152,0.697,0.00037,1,0.0678,-5.52,0,0.0439,138.029,4,0.919,energetic
1008,0.0107,0.898,274192,0.472,0.0,1,0.141,-7.001,1,0.0776,101.061,4,0.214,energetic
1009,0.646,0.857,133805,0.62,0.244,0,0.0934,-8.13,1,0.0472,120.042,4,0.796,energetic
1010,0.101,0.674,157280,0.907,0.0,3,0.297,-4.086,1,0.064,112.964,4,0.721,energetic
1011,0.0283,0.777,169917,0.783,0.0,0,0.355,-4.477,0,0.26,149.027,4,0.939,energetic
1012,0.0257,0.754,156522,0.514,3.98e-05,1,0.0808,-7.721,0,0.0471,114.997,4,0.363,energetic
1013,0.0513,0.562,229997,0.917,0.0,11,0.488,-2.768,0,0.117,100.987,4,0.501,energetic
1014,0.0156,0.466,190428,0.872,0.0,7,0.121,-3.344,1,0.0336,184.115,4,0.806,energetic
1015,0.00289,0.66,170888,0.756,0.0,0,0.193,-3.743,0,0.032,116.034,4,0.838,energetic
1016,0.164,0.644,214973,0.872,0.0,6,0.363,-1.54,0,0.0417,131.016,4,0.378,energetic
1017,0.0502,0.772,202971,0.929,0.000134,9,0.126,-6.407,1,0.0393,128.85,4,0.644,energetic
1018,0.00383,0.561,175238,0.965,7.07e-06,7,0.371,-3.673,0,0.0343,128.04,4,0.304,energetic
1019,0.00353,0.46,122415,0.941,1.9e-05,6,0.155,-2.053,1,0.197,132.152,4,0.794,energetic
1020,0.0167,0.78,143331,0.713,0.206,0,0.144,-4.493,1,0.0888,130.034,4,0.615,energetic
1021,0.131,0.699,175459,0.776,5.36e-06,0,0.205,-5.282,1,0.0293,103.963,4,0.708,energetic
1022,0.0759,0.879,184444,0.784,0.0,10,0.125,-3.944,0,0.081,105.019,4,0.83,energetic
1023,0.0531,0.841,146385,0.864,5.75e-06,6,0.204,-4.437,0,0.237,173.931,4,0.647,energetic
1024,0.0201,0.724,204940,0.818,0.0,8,0.0358,-3.747,1,0.168,77.004,4,0.696,energetic
1025,0.00144,0.882,120953,0.998,0.938,9,0.313,0.328,1,0.0414,122.002,4,0.963,energetic
1026,0.00304,0.565,161667,0.867,0.0,7,0.257,-5.465,1,0.0964,95.004,4,0.424,energetic
1027,0.0229,0.673,140000,0.95,0.0823,11,0.398,-5.149,1,0.0488,150.019,4,0.563,energetic
1028,0.000103,0.724,128183,0.626,0.00023,2,0.15,-8.167,1,0.0368,132.979,4,0.123,energetic
1029,0.0375,0.681,149668,0.714,0.0,1,0.232,-4.617,0,0.0309,129.976,4,0.554,energetic
1030,0.000225,0.37,116643,0.907,0.0071,11,0.692,-3.28,0,0.0879,142.726,4,0.478,energetic
1031,0.0429,0.726,222853,0.963,0.00157,9,0.128,-1.111,0,0.0916,126.062,4,0.769,energetic
1032,0.232,0.783,212525,0.817,3.2e-06,11,0.215,-5.94,0,0.124,138.002,4,0.553,energetic
1033,0.758,0.754,225200,0.834,0.0,9,0.0857,-8.701,1,0.0897,129.953,4,0.553,energetic
1034,0.285,0.795,157532,0.781,0.0,1,0.108,-4.647,1,0.141,104.972,4,0.687,energetic
1035,0.0112,0.746,199054,0.765,0.0,6,0.0936,-4.41,0,0.0993,114.044,4,0.737,energetic
1036,0.0426,0.841,171680,0.836,2.47e-06,1,0.0555,-4.459,1,0.104,119.972,4,0.833,energetic
1037,0.285,0.777,166449,0.934,3.86e-05,2,0.275,-0.959,1,0.254,88.009,4,0.637,energetic
1038,0.555,0.693,295867,0.778,0.0,1,0.094,-8.087,0,0.248,125.025,4,0.282,energetic
1039,0.0927,0.795,152187,0.869,0.0,4,0.109,-4.456,0,0.116,121.941,4,0.525,energetic
1040,0.191,0.616,174680,0.948,0.0,10,0.123,-1.443,0,0.0949,79.996,4,0.91,energetic
1041,0.352,0.768,163026,0.714,0.0,10,0.15,-5.11,1,0.0401,131.443,4,0.842,energetic
1042,0.0137,0.647,193829,0.844,0.000658,0,0.102,-3.756,1,0.0457,146.967,4,0.746,energetic
1043,0.841,0.634,184682,0.305,0.0,0,0.326,-9.227,1,0.0556,163.897,4,0.808,energetic
1044,0.299,0.716,228621,0.866,1.26e-05,2,0.144,-5.306,0,0.0581,116.025,4,0.653,energetic
1045,0.0687,0.786,213264,0.852,0.0,8,0.0759,-2.687,1,0.0813,125.036,4,0.455,energetic
1046,0.161,0.831,168228,0.554,6.12e-05,1,0.152,-9.998,0,0.218,140.026,4,0.396,energetic
1047,0.0571,0.749,298210,0.919,0.0445,10,0.283,-4.531,0,0.0841,130.0,4,0.629,energetic
1048,0.0325,0.538,238293,0.878,0.0,10,0.983,-4.844,1,0.0814,126.641,4,0.445,energetic
1049,0.234,0.85,158016,0.804,0.0,5,0.468,-4.178,0,0.0412,115.031,4,0.929,energetic
1050,0.0169,0.373,208866,0.566,0.000399,7,0.241,-7.272,1,0.0387,175.936,4,0.234,energetic
1051,0.0585,0.594,200987,0.95,0.0,5,0.16,-3.334,1,0.254,166.166,4,0.723,energetic
1052,0.0199,0.694,199532,0.768,0.0,4,0.054,-5.444,1,0.137,156.006,4,0.97,energetic
1053,0.0533,0.601,171542,0.865,0.0,2,0.191,-3.846,1,0.0388,91.032,4,0.386,energetic
1054,0.246,0.495,223000,0.911,0.0,0,0.138,-3.764,1,0.0454,164.047,4,0.615,energetic
1055,0.000428,0.356,154232,0.935,0.000162,11,0.167,-2.136,1,0.0695,158.145,4,0.378,energetic
1056,0.287,0.784,194800,0.688,0.0,4,0.109,-5.779,1,0.0418,124.968,4,0.841,energetic
1057,0.0941,0.632,197067,0.756,0.0,1,0.189,-3.877,1,0.05,157.999,4,0.413,energetic
1058,0.0542,0.665,128302,0.875,0.0,1,0.0863,-4.663,0,0.0406,159.082,4,0.849,energetic
1059,0.00158,0.594,215213,0.856,8.73e-06,0,0.191,-5.77,1,0.034,125.027,4,0.419,energetic
1060,0.333,0.649,145035,0.696,0.0,11,0.465,-8.059,1,0.0371,147.002,4,0.958,energetic
1061,0.224,0.727,214773,0.509,5.69e-06,7,0.0865,-9.49,1,0.0503,108.942,4,0.632,energetic
1062,0.0967,0.584,193501,0.725,0.0,1,0.0375,-4.621,0,0.0509,148.967,4,0.688,energetic
1063,0.234,0.488,218172,0.875,0.0,4,0.102,-7.775,1,0.114,190.171,4,0.613,energetic
1064,0.561,0.736,166655,0.837,0.0,8,0.288,-7.902,1,0.259,145.096,4,0.747,energetic
1065,0.0826,0.72,163170,0.75,0.0,5,0.0961,-3.499,1,0.0316,80.997,4,0.713,energetic
1066,0.0187,0.51,244333,0.937,0.0,0,0.681,-4.979,1,0.0821,141.975,4,0.539,energetic
1067,0.00775,0.603,251156,0.891,0.0,1,0.896,-5.396,1,0.0393,95.095,4,0.195,energetic
1068,0.0075,0.658,227813,0.877,2.94e-05,10,0.127,-5.502,0,0.0352,99.964,4,0.346,energetic
1069,0.101,0.511,193887,0.856,0.000943,9,0.14,-4.562,1,0.0452,162.128,4,0.499,energetic
1070,0.165,0.611,174286,0.867,0.0,0,0.234,-6.853,1,0.0897,168.032,4,0.606,energetic
1071,0.00965,0.657,179843,0.849,0.0,4,0.233,-4.25,1,0.0374,109.979,4,0.807,energetic
1072,0.00786,0.769,168000,0.681,0.0,1,0.433,-7.809,1,0.0512,125.003,4,0.646,energetic
1073,0.0537,0.58,125566,0.853,0.0,2,0.177,-4.608,1,0.217,86.001,4,0.361,energetic
1074,0.0381,0.892,178451,0.471,0.0,11,0.0609,-9.553,0,0.122,91.988,4,0.427,energetic
1075,0.0834,0.878,151905,0.623,1.35e-05,10,0.369,-5.881,1,0.0513,112.055,4,0.925,energetic
1076,0.515,0.351,368187,0.931,0.0,9,0.944,-5.269,0,0.409,160.021,4,0.33,energetic
1077,0.0285,0.578,175067,0.855,0.0,2,0.267,-3.168,1,0.116,157.821,4,0.846,energetic
1078,0.000269,0.414,298682,0.905,0.0,8,0.446,-4.457,1,0.118,75.142,4,0.329,energetic
1079,0.0101,0.671,237147,0.893,0.0,0,0.0934,-3.984,1,0.0337,102.979,4,0.544,energetic
1080,0.00173,0.697,223627,0.944,0.000162,7,0.32,-2.796,0,0.0327,119.994,4,0.846,energetic
1081,0.0042,0.539,246787,0.971,0.0,11,0.648,-3.797,0,0.215,128.025,4,0.42,energetic
1082,0.00146,0.721,174438,0.718,0.00013,7,0.12,-6.916,1,0.0431,96.48,4,0.343,energetic
1083,0.0951,0.65,195209,0.908,0.0,10,0.347,-5.062,0,0.0345,123.996,4,0.75,energetic
1084,0.0266,0.889,200168,0.453,3.36e-06,8,0.156,-8.808,1,0.262,140.037,4,0.423,energetic
1085,0.406,0.734,183645,0.856,0.0,11,0.312,-4.295,0,0.155,95.008,4,0.773,energetic
1086,0.181,0.754,251547,0.944,0.0,1,0.0764,-3.664,1,0.0929,110.014,4,0.645,energetic
1087,0.0019,0.494,225756,0.857,7.76e-06,8,0.132,-4.042,1,0.0379,129.994,4,0.467,energetic
1088,0.00819,0.68,224862,0.82,0.0,9,0.0754,-4.575,1,0.0427,135.031,4,0.608,energetic
1089,0.0236,0.588,168012,0.846,0.0,1,0.789,-4.347,1,0.05,143.991,4,0.626,energetic
1090,0.00247,0.775,214665,0.785,0.0,7,0.0669,-3.506,0,0.0411,130.021,4,0.963,energetic
1091,0.148,0.71,249483,0.947,0.0,8,0.252,-1.799,1,0.0352,104.03,4,0.825,energetic
1092,0.0663,0.706,138307,0.777,0.0,0,0.462,-5.09,1,0.0384,120.031,4,0.782,energetic
1093,0.142,0.658,325030,0.89,0.0,2,0.982,-6.797,0,0.0672,106.971,4,0.833,energetic
1094,0.0996,0.709,241072,0.896,0.0,7,0.0587,-2.175,1,0.127,87.96,4,0.626,energetic
1095,0.399,0.671,153182,0.757,1.79e-06,8,0.2,-6.935,1,0.0978,198.035,4,0.539,energetic
1096,0.136,0.812,211644,0.784,0.0,2,0.109,-4.208,1,0.249,145.995,4,0.381,energetic
1097,0.000113,0.436,122648,0.988,7.71e-06,11,0.334,-4.371,1,0.0382,92.493,4,0.894,energetic
1098,0.031,0.819,89741,0.638,0.000116,10,0.152,-4.831,0,0.226,150.993,4,0.167,energetic
1099,0.0316,0.569,191701,0.882,0.0,3,0.142,-2.777,0,0.06,148.038,4,0.201,energetic
1100,0.0115,0.841,143480,0.732,2.18e-05,7,0.136,-5.186,0,0.19,149.012,4,0.576,energetic
1101,0.0886,0.308,111484,0.887,0.0,8,0.18,-1.884,1,0.103,80.766,4,0.34,energetic
1102,0.00296,0.766,226413,0.699,0.0,4,0.29,-7.214,0,0.299,144.974,4,0.36,energetic
1103,0.054,0.731,167229,0.686,0.0,11,0.0865,-4.707,0,0.121,121.991,4,0.458,energetic
1104,0.0245,0.535,213976,0.618,0.0,2,0.103,-5.668,1,0.382,165.991,4,0.211,energetic
1105,0.0166,0.739,170173,0.763,0.0,2,0.123,-6.373,1,0.0527,141.005,4,0.202,energetic
1106,0.0262,0.737,180870,0.774,0.0,11,0.238,-5.525,0,0.257,137.959,4,0.428,energetic
1107,0.00278,0.664,234032,0.784,0.0,9,0.109,-3.126,1,0.0461,140.032,4,0.212,energetic
1108,0.0397,0.767,113150,0.931,0.0,11,0.182,-1.472,0,0.269,145.938,4,0.474,energetic
1109,0.0631,0.888,116361,0.833,0.0,6,0.106,-6.546,0,0.0737,130.054,4,0.948,energetic
1110,0.0445,0.636,186453,0.723,0.0,5,0.107,-4.865,0,0.246,162.026,4,0.421,energetic
1111,0.0973,0.852,155152,0.697,0.00037,1,0.0678,-5.52,0,0.0439,138.029,4,0.919,energetic
1112,0.337,0.706,205093,0.485,0.0,8,0.122,-9.671,1,0.331,115.414,4,0.144,energetic
1113,0.0535,0.867,126798,0.403,7.73e-06,6,0.185,-8.996,0,0.274,138.001,4,0.38,energetic
1114,0.549,0.602,150857,0.947,0.0,2,0.0812,-3.018,1,0.196,140.09,4,0.28,energetic
1115,0.109,0.792,151600,0.673,0.0,8,0.159,-8.501,1,0.173,94.98,4,0.743,energetic
1116,0.00201,0.767,145528,0.798,0.00372,1,0.125,-7.653,1,0.111,135.748,4,0.224,energetic
1117,0.0506,0.734,143893,0.87,0.0,3,0.133,-2.946,1,0.0383,155.971,4,0.899,energetic
1118,0.00172,0.885,107147,0.492,7.46e-05,1,0.081,-6.015,1,0.367,156.958,4,0.203,energetic
1119,0.516,0.616,108373,0.856,0.0652,9,0.245,-6.098,1,0.0457,157.109,4,0.75,energetic
1120,0.0398,0.773,193575,0.612,0.0,8,0.142,-5.73,1,0.232,149.999,4,0.381,energetic
1121,0.0017,0.71,151160,0.46,7.58e-05,1,0.167,-7.841,1,0.267,153.984,4,0.355,energetic
1122,0.0309,0.841,190636,0.485,0.0106,11,0.82,-9.461,0,0.298,130.025,4,0.463,energetic
1123,0.00466,0.667,316733,0.582,0.0,11,0.124,-5.791,0,0.267,121.972,4,0.141,energetic
1124,0.0438,0.546,339250,0.64,0.0,8,0.137,-5.582,1,0.37,137.728,4,0.63,energetic
1125,0.000419,0.305,214737,0.862,0.0,11,0.116,-2.262,1,0.07,152.125,4,0.246,energetic
1126,0.26,0.721,129800,0.848,2.11e-06,9,0.097,-3.371,1,0.0266,135.048,4,0.774,energetic
1127,0.000847,0.54,159893,0.714,0.00309,4,0.26,-6.734,0,0.057,145.051,4,0.29,energetic
1128,0.0026,0.943,138411,0.558,2.19e-06,2,0.0937,-4.911,1,0.0568,104.983,4,0.606,energetic
1129,0.00185,0.672,153183,0.868,0.492,11,0.244,-6.525,0,0.0412,126.03,4,0.491,energetic
1130,0.000412,0.667,122488,0.774,0.0,0,0.122,-5.008,1,0.0473,144.999,4,0.407,energetic
1131,0.0119,0.725,192027,0.725,0.0,8,0.086,-6.067,0,0.159,140.003,4,0.515,energetic
1132,0.003,0.847,133440,0.503,0.000291,9,0.625,-8.71,1,0.298,124.914,4,0.269,energetic
1133,0.0324,0.518,220307,0.676,3.62e-05,8,0.189,-6.373,0,0.0744,173.998,4,0.197,energetic
1134,0.00192,0.567,169828,0.462,3.57e-06,1,0.106,-7.794,1,0.36,152.236,4,0.172,energetic
1135,0.0164,0.562,202516,0.711,0.0,2,0.189,-4.984,1,0.31,160.039,4,0.226,energetic
1136,0.0174,0.722,97120,0.88,0.0,7,0.441,-6.083,1,0.383,160.012,4,0.768,energetic
1137,0.00443,0.603,106307,0.797,5.63e-06,6,0.103,-5.279,0,0.0474,135.438,4,0.235,energetic
1138,0.00435,0.754,209933,0.581,0.0,1,0.1,-7.76,1,0.395,75.494,4,0.314,energetic
1139,0.0751,0.929,159457,0.848,4.99e-06,5,0.0615,-4.863,0,0.344,130.053,4,0.886,energetic
1140,0.00934,0.933,148111,0.475,0.0,1,0.163,-4.907,1,0.234,129.933,4,0.729,energetic
1141,0.00577,0.682,150278,0.521,0.0,5,0.14,-6.464,1,0.0436,143.992,4,0.106,energetic
1142,0.258,0.785,193234,0.903,0.0,2,0.169,-4.184,1,0.21,139.98,4,0.565,energetic
1143,0.234,0.627,159707,0.824,0.0,4,0.326,-3.236,1,0.225,159.926,4,0.544,energetic
1144,0.00628,0.699,198093,0.902,0.0359,5,0.132,-3.183,0,0.0314,129.963,4,0.608,energetic
1145,0.011,0.859,214240,0.721,0.0,11,0.484,-3.369,0,0.237,148.015,4,0.689,energetic
1146,0.0216,0.711,131500,0.646,0.0,2,0.0921,-5.444,0,0.225,160.931,3,0.778,energetic
1147,0.324,0.893,152213,0.676,0.0,9,0.0968,-4.867,0,0.227,125.923,4,0.804,energetic
1148,0.031,0.819,89741,0.638,0.000116,10,0.152,-4.831,0,0.226,150.993,4,0.167,energetic
1149,0.00325,0.521,126495,0.863,0.0,11,0.593,-7.245,0,0.0466,97.065,4,0.445,energetic
1150,0.158,0.843,212500,0.802,5e-06,1,0.0642,-4.167,0,0.228,95.881,4,0.618,energetic
1151,0.000182,0.655,192790,0.818,0.00399,0,0.104,-4.852,1,0.0319,117.956,5,0.767,energetic
1152,0.827,0.586,116630,0.893,0.642,7,0.212,-8.772,1,0.439,140.023,3,0.65,energetic
1153,0.191,0.671,252307,0.939,0.0,8,0.298,-3.206,1,0.161,129.024,4,0.53,energetic
1154,0.00244,0.628,378893,0.692,0.0129,2,0.668,-5.64,1,0.202,124.887,5,0.0963,energetic
1155,0.0642,0.893,223413,0.745,0.0,11,0.0943,-3.105,0,0.0571,101.018,4,0.872,energetic
1156,0.284,0.921,219000,0.927,0.0033,11,0.72,-3.025,1,0.104,129.971,4,0.797,energetic
1157,0.164,0.574,229938,0.567,0.0,7,0.258,-7.126,0,0.465,75.965,4,0.526,energetic
1158,0.0444,0.718,219467,0.82,0.0,5,0.0846,-3.453,0,0.0323,92.998,4,0.613,energetic
1159,0.00599,0.642,124094,0.69,1.3e-06,11,0.322,-5.101,1,0.261,164.075,4,0.641,energetic
1160,0.00143,0.513,200040,0.73,9.54e-05,1,0.0897,-5.94,1,0.0598,171.001,4,0.334,energetic
1161,0.0408,0.909,150115,0.539,0.0,4,0.253,-7.782,1,0.367,124.949,4,0.663,energetic
1162,0.000435,0.794,95040,0.806,0.65,10,0.102,-8.37,1,0.0562,124.983,4,0.385,energetic
1163,0.0107,0.898,274192,0.472,0.0,1,0.141,-7.001,1,0.0776,101.061,4,0.214,energetic
1164,0.00623,0.762,182857,0.895,0.142,8,0.204,-4.562,1,0.0734,125.985,4,0.757,energetic
1165,0.0161,0.542,292093,0.914,0.0,0,0.744,-4.747,0,0.113,153.993,4,0.576,energetic
1166,0.265,0.537,209829,0.586,7.04e-05,6,0.175,-1.864,1,0.314,79.056,4,0.624,energetic
1167,0.286,0.848,221739,0.976,0.000801,9,0.349,-2.008,1,0.0799,115.072,4,0.767,energetic
1168,0.00585,0.68,147707,0.794,0.0,2,0.473,-4.534,1,0.0414,130.109,4,0.111,energetic
1169,0.475,0.882,104419,0.645,4.13e-05,1,0.057,-7.233,1,0.0601,114.933,4,0.788,energetic
1170,0.0384,0.72,175427,0.791,0.0,1,0.157,-4.689,1,0.124,102.071,4,0.756,energetic
1171,0.0291,0.522,193959,0.697,0.0,1,0.319,-5.288,0,0.103,169.775,4,0.235,energetic
1172,0.00116,0.874,102861,0.869,0.00238,1,0.164,-5.996,0,0.0315,126.027,4,0.726,energetic
1173,0.0267,0.633,258432,0.927,0.0,2,0.0986,-4.468,1,0.0839,146.097,4,0.88,energetic
1174,0.000972,0.707,206413,0.924,0.00703,7,0.204,-2.842,1,0.031,127.937,4,0.919,energetic
1175,0.0412,0.874,178560,0.692,7.24e-05,5,0.324,-5.28,0,0.0431,116.017,4,0.937,energetic
1176,0.107,0.615,270671,0.6,1.61e-06,10,0.283,-5.62,1,0.27,130.027,4,0.0661,energetic
1177,0.241,0.637,118002,0.594,0.0,1,0.121,-7.463,1,0.328,153.868,4,0.56,energetic
1178,0.00526,0.741,161656,0.754,8.21e-06,11,0.125,-5.412,0,0.0327,126.98,4,0.717,energetic
1179,9.93e-05,0.348,166859,0.95,9.68e-06,10,0.0868,-5.049,0,0.124,168.964,4,0.377,energetic
1180,0.101,0.674,157280,0.907,0.0,3,0.297,-4.086,1,0.064,112.964,4,0.721,energetic
1181,0.0137,0.577,169667,0.833,0.0,5,0.121,-3.337,1,0.0695,107.936,4,0.58,energetic
1182,0.0026,0.943,138411,0.558,2.19e-06,2,0.0937,-4.911,1,0.0568,104.983,4,0.606,energetic
1183,0.549,0.739,129883,0.904,1.03e-05,5,0.0948,-2.655,0,0.0442,167.033,4,0.788,energetic
1184,0.0438,0.553,140801,0.786,0.0,8,0.119,-5.477,0,0.0325,149.968,4,0.673,energetic
1185,0.148,0.633,193702,0.793,0.0,5,0.867,-6.847,0,0.182,109.093,4,0.761,energetic
1186,0.0226,0.919,156444,0.629,0.0,1,0.146,-5.17,1,0.376,135.05,4,0.407,energetic
1187,0.0182,0.712,148571,0.861,6.09e-06,5,0.511,-5.487,0,0.25,84.042,4,0.388,energetic
1188,0.00847,0.56,218013,0.936,0.0,3,0.161,-5.835,1,0.0439,112.96,4,0.371,energetic
1189,0.000195,0.477,126600,0.565,0.0011,1,0.193,-8.3,1,0.0334,151.928,4,0.0399,energetic
1190,0.00355,0.847,319964,0.724,0.00339,2,0.0731,-7.668,1,0.047,126.983,4,0.326,energetic
1191,0.000315,0.704,216200,0.81,0.0,4,0.216,-4.874,0,0.0425,102.98,4,0.726,energetic
1192,0.0382,0.731,152980,0.734,1.67e-06,7,0.353,-3.145,0,0.0515,101.008,4,0.797,energetic
1193,0.0651,0.485,123891,0.545,0.00547,11,0.0642,-7.924,1,0.0336,150.185,4,0.0385,energetic
1194,0.000938,0.599,142515,0.946,0.0106,11,0.0826,-4.263,1,0.0447,151.647,4,0.747,energetic
1195,0.00425,0.583,214740,0.61,0.000105,5,0.14,-5.639,0,0.0382,114.06,4,0.336,energetic
1196,0.832,0.613,116104,0.81,0.899,1,0.137,-6.16,1,0.488,150.251,4,0.686,energetic
1197,0.0229,0.788,144846,0.936,1.3e-06,9,0.311,-6.294,1,0.301,151.019,4,0.844,energetic
